domain,english,igbo
technology,David repaired the internet.,David rụziri ịntanet.
technology,Kindly David repaired very the internet. now.,David rụziri ịntanet.
general,Ada lives in Enugu.,Ada bi na Enugu.
general,Ada really lives in Enugu. today.,Ada bi na Enugu.
transportation,The airport arrived early.,ọdụ ụgbọ elu rutere n'oge.
transportation,Please The very airport arrived early. now.,ọdụ ụgbọ elu rutere n'oge.
food,garri tastes good.,garri na-atọ ụtọ.
food,Today garri really tastes good. carefully.,garri na-atọ ụtọ.
weather,Peter likes the cloud.,Peter hụrụ igwe ojii n'anya.
weather,Please Peter sometimes likes the cloud. carefully.,Peter hụrụ igwe ojii n'anya.
health,The doctor treated diabetes.,Dọkịta gwọrọ shuga.
health,Tomorrow The doctor treated diabetes.,Dọkịta gwọrọ shuga.
transportation,Now The very airport arrived early. again.,ọdụ ụgbọ elu rutere n'oge.
food,Grace cooked garri.,Grace siri garri.
food,Quickly Grace sometimes cooked garri. today.,Grace siri garri.
business,The trader visited Enugu.,Onye ahịa gara Enugu.
business,Today The trader always visited Enugu. now.,Onye ahịa gara Enugu.
transportation,The car arrived early.,ụgbọala rutere n'oge.
transportation,Quickly The often car arrived early.,ụgbọala rutere n'oge.
weather,Mary likes the storm.,Mary hụrụ oke ifufe n'anya.
weather,Quickly Mary likes the storm. now.,Mary hụrụ oke ifufe n'anya.
business,Grace bought yam.,Grace zụtara ji.
business,Please Grace often bought yam.,Grace zụtara ji.
agriculture,David harvested maize.,David kpọrọ ọka.
agriculture,David often harvested maize. now.,David kpọrọ ọka.
business,Chioma sold the phone.,Chioma rere ekwentị.
business,Tomorrow Chioma sold the phone. immediately.,Chioma rere ekwentị.
business,The trader visited Kano.,Onye ahịa gara Kano.
business,Now The trader sometimes visited Kano. today.,Onye ahịa gara Kano.
food,Peter ate rice.,Peter riri osikapa.
food,Quickly Peter always ate rice. today.,Peter riri osikapa.
education,Peter studies in the examination.,Peter na-amụ na ule.
education,Today Peter studies very in the examination. today.,Peter na-amụ na ule.
food,Mary ate beans.,Mary riri agwa.
food,Please Mary sometimes ate beans. now.,Mary riri agwa.
agriculture,The farmer planted tomato.,Onye ọrụ ugbo kụrụ tomato.
agriculture,The farmer very planted tomato. immediately.,Onye ọrụ ugbo kụrụ tomato.
technology,The internet is new.,ịntanet ahụ dị ọhụrụ.
technology,The really internet is new.,ịntanet ahụ dị ọhụrụ.
business,Mary bought beans.,Mary zụtara agwa.
business,Now Mary very bought beans. immediately.,Mary zụtara agwa.
health,The doctor treated typhoid.,Dọkịta gwọrọ taịfọd.
health,The doctor sometimes treated typhoid. now.,Dọkịta gwọrọ taịfọd.
education,The library is open.,ọba akwụkwọ meghere.
education,Now The library really is open. immediately.,ọba akwụkwọ meghere.
food,yam tastes good.,ji na-atọ ụtọ.
food,Please yam sometimes tastes good. immediately.,ji na-atọ ụtọ.
weather,The wind is changing.,ifufe na-agbanwe.
weather,Kindly The really wind is changing. immediately.,ifufe na-agbanwe.
business,The trader visited Onitsha.,Onye ahịa gara Ọnịcha.
business,Kindly The sometimes trader visited Onitsha. immediately.,Onye ahịa gara Ọnịcha.
technology,Chioma repaired the software.,Chioma rụziri sọftụwia.
technology,Today Chioma really repaired the software. carefully.,Chioma rụziri sọftụwia.
weather,John likes the cloud.,John hụrụ igwe ojii n'anya.
weather,Kindly John really likes the cloud. again.,John hụrụ igwe ojii n'anya.
technology,The software is new.,sọftụwia ahụ dị ọhụrụ.
technology,Tomorrow The often software is new. again.,sọftụwia ahụ dị ọhụrụ.
education,Emeka studies in the school.,Emeka na-amụ na ụlọ akwụkwọ.
education,Emeka always studies in the school.,Emeka na-amụ na ụlọ akwụkwọ.
transportation,Mary boarded a motorcycle.,Mary banyere ọkada.
transportation,Today Mary always boarded a motorcycle. again.,Mary banyere ọkada.
education,Obinna studies in the teacher.,Obinna na-amụ na onye nkuzi.
education,Tomorrow Obinna sometimes studies in the teacher. now.,Obinna na-amụ na onye nkuzi.
technology,Chioma repaired the internet.,Chioma rụziri ịntanet.
technology,Today Chioma repaired very the internet. again.,Chioma rụziri ịntanet.
general,Mary is a soldier.,Mary bụ onye agha.
general,Now Mary is a soldier. now.,Mary bụ onye agha.
transportation,Ada boarded a bicycle.,Ada banyere igwe kwụ otu ebe.
transportation,Quickly Ada sometimes boarded a bicycle. carefully.,Ada banyere igwe kwụ otu ebe.
general,Mary is a student.,Mary bụ nwata akwụkwọ.
general,Please Mary is always a student. immediately.,Mary bụ nwata akwụkwọ.
general,John works slowly.,John na-arụ ọrụ nwayọọ.
general,Now John sometimes works slowly. today.,John na-arụ ọrụ nwayọọ.
government,Emeka met the government.,Emeka zutere gọọmenti.
government,Tomorrow Emeka met the government.,Emeka zutere gọọmenti.
government,The election was peaceful.,Ntuli aka gara nke ọma.
government,Please The election always was peaceful. immediately.,Ntuli aka gara nke ọma.
food,Peter ate garri.,Peter riri garri.
food,Quickly Peter very ate garri. now.,Peter riri garri.
transportation,Grace travelled to Onitsha.,Grace gara Ọnịcha.
transportation,Kindly Grace always travelled to Onitsha. today.,Grace gara Ọnịcha.
weather,There is storm today.,oke ifufe dị taa.
weather,There very is storm today. today.,oke ifufe dị taa.
weather,Peter likes the wind.,Peter hụrụ ifufe n'anya.
weather,Quickly Peter likes the wind. now.,Peter hụrụ ifufe n'anya.
health,Chioma has malaria.,Chioma nwere iba.
health,Chioma always has malaria. again.,Chioma nwere iba.
health,Today The doctor sometimes treated diabetes. immediately.,Dọkịta gwọrọ shuga.
transportation,Emeka travelled to Nigeria.,Emeka gara Naịjirịa.
transportation,Kindly Emeka travelled always to Nigeria. immediately.,Emeka gara Naịjirịa.
food,rice tastes good.,osikapa na-atọ ụtọ.
food,Today rice always tastes good. now.,osikapa na-atọ ụtọ.
health,The doctor treated fever.,Dọkịta gwọrọ ahụ ọkụ.
health,The often doctor treated fever. again.,Dọkịta gwọrọ ahụ ọkụ.
weather,The weather is changing.,ihu igwe na-agbanwe.
weather,Please The often weather is changing. now.,ihu igwe na-agbanwe.
technology,Ada uses a website.,Ada na-eji weebụsaịtị.
technology,Quickly Ada uses always a website. carefully.,Ada na-eji weebụsaịtị.
technology,The keyboard is new.,kiibọdụ ahụ dị ọhụrụ.
technology,Tomorrow The keyboard very is new. carefully.,kiibọdụ ahụ dị ọhụrụ.
business,Tomorrow The really trader visited Enugu. now.,Onye ahịa gara Enugu.
education,Obinna studies in the school.,Obinna na-amụ na ụlọ akwụkwọ.
education,Tomorrow Obinna really studies in the school. immediately.,Obinna na-amụ na ụlọ akwụkwọ.
health,Peter visited the hospital today.,Peter gara ụlọ ọgwụ taa.
health,Please Peter always visited the hospital today. today.,Peter gara ụlọ ọgwụ taa.
business,Peter sold the bag.,Peter rere akpa.
business,Please Peter sold the bag.,Peter rere akpa.
education,Ada studies in the teacher.,Ada na-amụ na onye nkuzi.
education,Tomorrow Ada studies in often the teacher. today.,Ada na-amụ na onye nkuzi.
weather,There is weather today.,ihu igwe dị taa.
weather,Now There sometimes is weather today.,ihu igwe dị taa.
food,Chioma cooked rice.,Chioma siri osikapa.
food,Today Chioma often cooked rice. now.,Chioma siri osikapa.
education,Every nurse needs education.,nọọsụ niile chọrọ agụmakwụkwọ.
education,Now Every nurse often needs education. again.,nọọsụ niile chọrọ agụmakwụkwọ.
technology,Chinedu repaired the hardware.,Chinedu rụziri họdụwia.
technology,Chinedu often repaired the hardware. carefully.,Chinedu rụziri họdụwia.
weather,Grace likes the weather.,Grace hụrụ ihu igwe n'anya.
weather,Today Grace likes often the weather. again.,Grace hụrụ ihu igwe n'anya.
transportation,Ada travelled to Abuja.,Ada gara Abuja.
transportation,Today Ada often travelled to Abuja. today.,Ada gara Abuja.
food,Ada cooked meat.,Ada siri anụ.
food,Quickly Ada always cooked meat. now.,Ada siri anụ.
agriculture,rice grows well.,osikapa na-eto nke ọma.
agriculture,Tomorrow rice always grows well. now.,osikapa na-eto nke ọma.
education,Mary studies in the examination.,Mary na-amụ na ule.
education,Quickly Mary sometimes studies in the examination. again.,Mary na-amụ na ule.
transportation,David boarded a airport.,David banyere ọdụ ụgbọ elu.
transportation,Today David very boarded a airport. carefully.,David banyere ọdụ ụgbọ elu.
food,meat tastes good.,anụ na-atọ ụtọ.
food,meat really tastes good. immediately.,anụ na-atọ ụtọ.
weather,The storm is changing.,oke ifufe na-agbanwe.
weather,Today The storm always is changing. immediately.,oke ifufe na-agbanwe.
business,Mary sold the book.,Mary rere akwụkwọ.
business,Now Mary sold always the book. carefully.,Mary rere akwụkwọ.
education,David studies in the library.,David na-amụ na ọba akwụkwọ.
education,David studies in the library. again.,David na-amụ na ọba akwụkwọ.
agriculture,cassava grows well.,akpụ na-eto nke ọma.
agriculture,Kindly cassava sometimes grows well. carefully.,akpụ na-eto nke ọma.
food,Please rice often tastes good. today.,osikapa na-atọ ụtọ.
weather,Chioma likes the cloud.,Chioma hụrụ igwe ojii n'anya.
weather,Kindly Chioma sometimes likes the cloud. carefully.,Chioma hụrụ igwe ojii n'anya.
general,Chinedu has a table.,Chinedu nwere tebụl.
general,Now Chinedu really has a table. today.,Chinedu nwere tebụl.
general,Mary has a computer.,Mary nwere kọmputa.
general,Mary has really a computer. today.,Mary nwere kọmputa.
weather,The sun is changing.,anwụ na-agbanwe.
weather,Please The always sun is changing. immediately.,anwụ na-agbanwe.
government,John met the election.,John zutere ntuli aka.
government,Now John met very the election. again.,John zutere ntuli aka.
agriculture,Mary harvested rice.,Mary kpọrọ osikapa.
agriculture,Kindly Mary really harvested rice. now.,Mary kpọrọ osikapa.
health,The doctor treated flu.,Dọkịta gwọrọ oyi.
health,Quickly The sometimes doctor treated flu. immediately.,Dọkịta gwọrọ oyi.
government,Quickly The always election was peaceful. now.,Ntuli aka gara nke ọma.
education,Every mechanic needs education.,onye nrụzi ụgbọala niile chọrọ agụmakwụkwọ.
education,Every mechanic sometimes needs education.,onye nrụzi ụgbọala niile chọrọ agụmakwụkwọ.
food,cassava tastes good.,akpụ na-atọ ụtọ.
food,Today cassava always tastes good. today.,akpụ na-atọ ụtọ.
agriculture,The farmer planted rice.,Onye ọrụ ugbo kụrụ osikapa.
agriculture,Today The farmer very planted rice. again.,Onye ọrụ ugbo kụrụ osikapa.
technology,Peter uses a computer.,Peter na-eji kọmputa.
technology,Peter often uses a computer. immediately.,Peter na-eji kọmputa.
government,The government announced a meeting.,gọọmenti kwupụtara nzukọ.
government,Today The very government announced a meeting. carefully.,gọọmenti kwupụtara nzukọ.
education,Mary studies in the assignment.,Mary na-amụ na ọrụ ụlọ.
education,Today Mary studies in really the assignment. now.,Mary na-amụ na ọrụ ụlọ.
transportation,Grace travelled to Owerri.,Grace gara Owerri.
transportation,Now Grace travelled often to Owerri.,Grace gara Owerri.
education,The teacher is open.,onye nkuzi meghere.
education,Tomorrow The always teacher is open. now.,onye nkuzi meghere.
weather,Chioma likes the rain.,Chioma hụrụ mmiri ozuzo n'anya.
weather,Please Chioma likes often the rain. again.,Chioma hụrụ mmiri ozuzo n'anya.
technology,Peter repaired the website.,Peter rụziri weebụsaịtị.
technology,Please Peter always repaired the website. today.,Peter rụziri weebụsaịtị.
transportation,David boarded a bus.,David banyere bọs.
transportation,Quickly David boarded often a bus. today.,David banyere bọs.
agriculture,The farmer planted cassava.,Onye ọrụ ugbo kụrụ akpụ.
agriculture,The farmer always planted cassava. today.,Onye ọrụ ugbo kụrụ akpụ.
weather,Quickly The often sun is changing. again.,anwụ na-agbanwe.
business,Emeka bought bread.,Emeka zụtara achịcha.
business,Quickly Emeka really bought bread. carefully.,Emeka zụtara achịcha.
weather,Ada likes the cloud.,Ada hụrụ igwe ojii n'anya.
weather,Please Ada likes sometimes the cloud. now.,Ada hụrụ igwe ojii n'anya.
health,David visited the hospital today.,David gara ụlọ ọgwụ taa.
health,Now David visited the really hospital today. now.,David gara ụlọ ọgwụ taa.
food,Peter cooked fish.,Peter siri azụ.
food,Peter really cooked fish. again.,Peter siri azụ.
food,fish tastes good.,azụ na-atọ ụtọ.
food,Quickly fish sometimes tastes good. immediately.,azụ na-atọ ụtọ.
transportation,Obinna boarded a car.,Obinna banyere ụgbọala.
transportation,Tomorrow Obinna boarded really a car. again.,Obinna banyere ụgbọala.
agriculture,Please The farmer planted cassava. today.,Onye ọrụ ugbo kụrụ akpụ.
business,Grace bought rice.,Grace zụtara osikapa.
business,Kindly Grace often bought rice. today.,Grace zụtara osikapa.
general,Peter will learn tomorrow.,Peter ga mụ echi.
general,Today Peter will learn tomorrow. now.,Peter ga mụ echi.
government,Kindly The election really was peaceful.,Ntuli aka gara nke ọma.
agriculture,yam grows well.,ji na-eto nke ọma.
agriculture,Now yam very grows well. now.,ji na-eto nke ọma.
agriculture,Emeka harvested cocoyam.,Emeka kpọrọ ede.
agriculture,Today Emeka harvested cocoyam. again.,Emeka kpọrọ ede.
education,Please The always library is open. now.,ọba akwụkwọ meghere.
general,David is a teacher.,David bụ onye nkuzi.
general,Now David is really a teacher. now.,David bụ onye nkuzi.
general,Obinna will sell tomorrow.,Obinna ga ree echi.
general,Today Obinna will always sell tomorrow. today.,Obinna ga ree echi.
agriculture,Peter harvested tomato.,Peter kpọrọ tomato.
agriculture,Tomorrow Peter often harvested tomato. immediately.,Peter kpọrọ tomato.
government,The minister announced a meeting.,mịnista kwupụtara nzukọ.
government,Now The minister very announced a meeting. carefully.,mịnista kwupụtara nzukọ.
government,The election announced a meeting.,ntuli aka kwupụtara nzukọ.
government,Kindly The election announced very a meeting. now.,ntuli aka kwupụtara nzukọ.
transportation,Emeka travelled to Lagos.,Emeka gara Lagos.
transportation,Now Emeka travelled really to Lagos. again.,Emeka gara Lagos.
weather,There is sun today.,anwụ dị taa.
weather,Kindly There is sometimes sun today. now.,anwụ dị taa.
education,The student is open.,nwa akwụkwọ meghere.
education,The student really is open. immediately.,nwa akwụkwọ meghere.
technology,Grace repaired the database.,Grace rụziri ụlọ nchekwa data.
technology,Grace always repaired the database. again.,Grace rụziri ụlọ nchekwa data.
weather,The rain is changing.,mmiri ozuzo na-agbanwe.
weather,The very rain is changing. immediately.,mmiri ozuzo na-agbanwe.
general,Chioma is a doctor.,Chioma bụ dọkịta.
general,Today Chioma often is a doctor. now.,Chioma bụ dọkịta.
food,beans tastes good.,agwa na-atọ ụtọ.
food,Now beans very tastes good. now.,agwa na-atọ ụtọ.
government,Obinna met the government.,Obinna zutere gọọmenti.
government,Quickly Obinna met sometimes the government. again.,Obinna zutere gọọmenti.
government,The election announced often a meeting. immediately.,ntuli aka kwupụtara nzukọ.
weather,Ada likes the weather.,Ada hụrụ ihu igwe n'anya.
weather,Tomorrow Ada sometimes likes the weather. carefully.,Ada hụrụ ihu igwe n'anya.
weather,Mary likes the sun.,Mary hụrụ anwụ n'anya.
weather,Please Mary likes often the sun. immediately.,Mary hụrụ anwụ n'anya.
weather,Please The wind is changing. carefully.,ifufe na-agbanwe.
technology,John repaired the software.,John rụziri sọftụwia.
technology,Please John repaired the software. carefully.,John rụziri sọftụwia.
business,Obinna sold the car.,Obinna rere ụgbọala.
business,Quickly Obinna sold the car. again.,Obinna rere ụgbọala.
business,Quickly The always trader visited Kano. immediately.,Onye ahịa gara Kano.
transportation,Tomorrow Grace very travelled to Onitsha. immediately.,Grace gara Ọnịcha.
agriculture,The farmer planted vegetable.,Onye ọrụ ugbo kụrụ akwukwo nri.
agriculture,Now The farmer planted vegetable.,Onye ọrụ ugbo kụrụ akwukwo nri.
food,Today meat really tastes good. today.,anụ na-atọ ụtọ.
government,The election very was peaceful. immediately.,Ntuli aka gara nke ọma.
transportation,Mary travelled to Owerri.,Mary gara Owerri.
transportation,Now Mary travelled often to Owerri.,Mary gara Owerri.
general,Ada works quickly.,Ada na-arụ ọrụ ngwa ngwa.
general,Quickly Ada always works quickly. now.,Ada na-arụ ọrụ ngwa ngwa.
weather,There is rain today.,mmiri ozuzo dị taa.
weather,Tomorrow There often is rain today. today.,mmiri ozuzo dị taa.
technology,Emeka uses a website.,Emeka na-eji weebụsaịtị.
technology,Kindly Emeka always uses a website. today.,Emeka na-eji weebụsaịtị.
food,Kindly yam really tastes good. again.,ji na-atọ ụtọ.
general,Peter works well.,Peter na-arụ ọrụ nke ọma.
general,Today Peter always works well. today.,Peter na-arụ ọrụ nke ọma.
education,Please The student always is open. again.,nwa akwụkwọ meghere.
technology,Ada uses a internet.,Ada na-eji ịntanet.
technology,Tomorrow Ada very uses a internet. now.,Ada na-eji ịntanet.
technology,Emeka repaired the software.,Emeka rụziri sọftụwia.
technology,Now Emeka repaired the software. immediately.,Emeka rụziri sọftụwia.
health,Chioma has typhoid.,Chioma nwere taịfọd.
health,Now Chioma really has typhoid. again.,Chioma nwere taịfọd.
general,Emeka is a mechanic.,Emeka bụ onye nrụzi ụgbọala.
general,Today Emeka always is a mechanic.,Emeka bụ onye nrụzi ụgbọala.
business,The trader visited Lagos.,Onye ahịa gara Lagos.
business,Now The trader really visited Lagos.,Onye ahịa gara Lagos.
government,Peter met the minister.,Peter zutere mịnista.
government,Please Peter met the minister. today.,Peter zutere mịnista.
education,Obinna studies in the library.,Obinna na-amụ na ọba akwụkwọ.
education,Kindly Obinna studies very in the library.,Obinna na-amụ na ọba akwụkwọ.
general,The computer is old.,kọmputa ahụ dị ochie.
general,Today The computer very is old. now.,kọmputa ahụ dị ochie.
business,The trader visited Abuja.,Onye ahịa gara Abuja.
business,Now The trader very visited Abuja. again.,Onye ahịa gara Abuja.
weather,Emeka likes the sun.,Emeka hụrụ anwụ n'anya.
weather,Now Emeka always likes the sun.,Emeka hụrụ anwụ n'anya.
business,Tomorrow The trader always visited Onitsha. now.,Onye ahịa gara Ọnịcha.
education,Quickly Every mechanic needs education.,onye nrụzi ụgbọala niile chọrọ agụmakwụkwọ.
agriculture,maize grows well.,ọka na-eto nke ọma.
agriculture,Tomorrow maize sometimes grows well. immediately.,ọka na-eto nke ọma.
general,Grace is a doctor.,Grace bụ dọkịta.
general,Kindly Grace is a doctor. again.,Grace bụ dọkịta.
agriculture,Tomorrow The really farmer planted vegetable. immediately.,Onye ọrụ ugbo kụrụ akwukwo nri.
education,The assignment is open.,ọrụ ụlọ meghere.
education,Please The really assignment is open. immediately.,ọrụ ụlọ meghere.
general,Chinedu has a chair.,Chinedu nwere oche.
general,Today Chinedu has really a chair. again.,Chinedu nwere oche.
government,Chioma met the government.,Chioma zutere gọọmenti.
government,Now Chioma very met the government. now.,Chioma zutere gọọmenti.
agriculture,The farmer planted maize.,Onye ọrụ ugbo kụrụ ọka.
agriculture,Tomorrow The farmer often planted maize. immediately.,Onye ọrụ ugbo kụrụ ọka.
education,Every student needs education.,nwata akwụkwọ niile chọrọ agụmakwụkwọ.
education,Quickly Every student needs education. now.,nwata akwụkwọ niile chọrọ agụmakwụkwọ.
food,Chioma ate cassava.,Chioma riri akpụ.
food,Today Chioma always ate cassava.,Chioma riri akpụ.
health,Chioma has flu.,Chioma nwere oyi.
health,Please Chioma has flu.,Chioma nwere oyi.
food,Mary cooked yam.,Mary siri ji.
food,Please Mary often cooked yam.,Mary siri ji.
health,Obinna has cholera.,Obinna nwere kọlera.
health,Quickly Obinna really has cholera. today.,Obinna nwere kọlera.
general,Obinna is a nurse.,Obinna bụ nọọsụ.
general,Quickly Obinna often is a nurse. immediately.,Obinna bụ nọọsụ.
government,Grace met the president.,Grace zutere onye isi ala.
government,Grace met always the president. immediately.,Grace zutere onye isi ala.
technology,John repaired the computer.,John rụziri kọmputa.
technology,Now John repaired really the computer. now.,John rụziri kọmputa.
general,Ada works slowly.,Ada na-arụ ọrụ nwayọọ.
general,Tomorrow Ada often works slowly. now.,Ada na-arụ ọrụ nwayọọ.
government,Tomorrow The always election announced a meeting. today.,ntuli aka kwupụtara nzukọ.
technology,Quickly The software is new. again.,sọftụwia ahụ dị ọhụrụ.
general,John works carefully.,John na-arụ ọrụ nlezianya.
general,John very works carefully. now.,John na-arụ ọrụ nlezianya.
health,Emeka visited the hospital today.,Emeka gara ụlọ ọgwụ taa.
health,Today Emeka visited the hospital today. again.,Emeka gara ụlọ ọgwụ taa.
health,The doctor treated cholera.,Dọkịta gwọrọ kọlera.
health,Now The doctor treated cholera. carefully.,Dọkịta gwọrọ kọlera.
general,Peter will eat tomorrow.,Peter ga rie echi.
general,Quickly Peter always will eat tomorrow. carefully.,Peter ga rie echi.
food,Kindly rice really tastes good. again.,osikapa na-atọ ụtọ.
business,David sold the computer.,David rere kọmputa.
business,Please David sold the computer. immediately.,David rere kọmputa.
technology,John always repaired the computer. today.,John rụziri kọmputa.
general,Mary works well.,Mary na-arụ ọrụ nke ọma.
general,Now Mary really works well.,Mary na-arụ ọrụ nke ọma.
government,Quickly The election sometimes was peaceful. today.,Ntuli aka gara nke ọma.
weather,Obinna likes the cloud.,Obinna hụrụ igwe ojii n'anya.
weather,Now Obinna always likes the cloud.,Obinna hụrụ igwe ojii n'anya.
technology,Ada repaired the internet.,Ada rụziri ịntanet.
technology,Now Ada often repaired the internet. immediately.,Ada rụziri ịntanet.
health,Ada visited the hospital today.,Ada gara ụlọ ọgwụ taa.
health,Please Ada visited very the hospital today. carefully.,Ada gara ụlọ ọgwụ taa.
transportation,Peter travelled to Kano.,Peter gara Kano.
transportation,Tomorrow Peter travelled really to Kano. carefully.,Peter gara Kano.
health,David has flu.,David nwere oyi.
health,Please David has flu.,David nwere oyi.
weather,Now Obinna likes often the cloud. today.,Obinna hụrụ igwe ojii n'anya.
health,Today David visited really the hospital today. carefully.,David gara ụlọ ọgwụ taa.
weather,There is wind today.,ifufe dị taa.
weather,Quickly There is very wind today. immediately.,ifufe dị taa.
transportation,Chinedu boarded a motorcycle.,Chinedu banyere ọkada.
transportation,Today Chinedu very boarded a motorcycle. immediately.,Chinedu banyere ọkada.
health,Chioma has fever.,Chioma nwere ahụ ọkụ.
health,Please Chioma often has fever.,Chioma nwere ahụ ọkụ.
education,Emeka studies in the library.,Emeka na-amụ na ọba akwụkwọ.
education,Emeka studies in the library. today.,Emeka na-amụ na ọba akwụkwọ.
general,Chinedu will eat tomorrow.,Chinedu ga rie echi.
general,Chinedu will very eat tomorrow. immediately.,Chinedu ga rie echi.
general,Ada will learn tomorrow.,Ada ga mụ echi.
general,Now Ada will learn tomorrow. carefully.,Ada ga mụ echi.
government,The always election was peaceful. immediately.,Ntuli aka gara nke ọma.
business,Emeka bought soup.,Emeka zụtara ofe.
business,Now Emeka very bought soup. immediately.,Emeka zụtara ofe.
health,Ada has fever.,Ada nwere ahụ ọkụ.
health,Now Ada sometimes has fever. carefully.,Ada nwere ahụ ọkụ.
technology,Obinna repaired the database.,Obinna rụziri ụlọ nchekwa data.
technology,Kindly Obinna repaired very the database. immediately.,Obinna rụziri ụlọ nchekwa data.
agriculture,Today The farmer sometimes planted maize. today.,Onye ọrụ ugbo kụrụ ọka.
technology,Chioma uses a hardware.,Chioma na-eji họdụwia.
technology,Kindly Chioma very uses a hardware. today.,Chioma na-eji họdụwia.
health,Today The often doctor treated flu.,Dọkịta gwọrọ oyi.
transportation,The motorcycle arrived early.,ọkada rutere n'oge.
transportation,Quickly The motorcycle often arrived early. again.,ọkada rutere n'oge.
general,The bag is old.,akpa ahụ dị ochie.
general,Tomorrow The often bag is old. carefully.,akpa ahụ dị ochie.
government,David met the minister.,David zutere mịnista.
government,David met often the minister. today.,David zutere mịnista.
health,Now The doctor treated typhoid. immediately.,Dọkịta gwọrọ taịfọd.
food,Emeka cooked garri.,Emeka siri garri.
food,Emeka really cooked garri. again.,Emeka siri garri.
health,The doctor really treated typhoid. carefully.,Dọkịta gwọrọ taịfọd.
business,Kindly The sometimes trader visited Enugu. now.,Onye ahịa gara Enugu.
general,Chioma works quickly.,Chioma na-arụ ọrụ ngwa ngwa.
general,Today Chioma sometimes works quickly. today.,Chioma na-arụ ọrụ ngwa ngwa.
business,Peter bought egg.,Peter zụtara akwa.
business,Today Peter sometimes bought egg. carefully.,Peter zụtara akwa.
business,Now David sold the computer. today.,David rere kọmputa.
food,Obinna cooked rice.,Obinna siri osikapa.
food,Please Obinna always cooked rice.,Obinna siri osikapa.
general,The table is big.,tebụl ahụ dị ukwu.
general,Quickly The often table is big.,tebụl ahụ dị ukwu.
food,Quickly meat often tastes good. now.,anụ na-atọ ụtọ.
general,Chinedu lives in Enugu.,Chinedu bi na Enugu.
general,Chinedu always lives in Enugu. now.,Chinedu bi na Enugu.
government,Tomorrow The often election was peaceful. carefully.,Ntuli aka gara nke ọma.
technology,Obinna uses a database.,Obinna na-eji ụlọ nchekwa data.
technology,Quickly Obinna uses very a database.,Obinna na-eji ụlọ nchekwa data.
education,Quickly Every really mechanic needs education. carefully.,onye nrụzi ụgbọala niile chọrọ agụmakwụkwọ.
food,Obinna ate soup.,Obinna riri ofe.
food,Now Obinna often ate soup. today.,Obinna riri ofe.
technology,Obinna uses a computer.,Obinna na-eji kọmputa.
technology,Please Obinna uses often a computer. carefully.,Obinna na-eji kọmputa.
technology,Peter repaired the software.,Peter rụziri sọftụwia.
technology,Kindly Peter often repaired the software. again.,Peter rụziri sọftụwia.
business,The trader visited Nigeria.,Onye ahịa gara Naịjirịa.
business,Quickly The trader very visited Nigeria. carefully.,Onye ahịa gara Naịjirịa.
business,Today The very trader visited Kano. again.,Onye ahịa gara Kano.
transportation,Kindly The motorcycle always arrived early. now.,ọkada rutere n'oge.
education,Mary studies in the student.,Mary na-amụ na nwa akwụkwọ.
education,Tomorrow Mary studies in always the student. now.,Mary na-amụ na nwa akwụkwọ.
general,Obinna lives in Abuja.,Obinna bi na Abuja.
general,Today Obinna lives sometimes in Abuja.,Obinna bi na Abuja.
weather,Today The storm very is changing. immediately.,oke ifufe na-agbanwe.
health,Mary visited the hospital today.,Mary gara ụlọ ọgwụ taa.
health,Kindly Mary really visited the hospital today. again.,Mary gara ụlọ ọgwụ taa.
education,The teacher is open. immediately.,onye nkuzi meghere.
technology,Obinna uses a mouse.,Obinna na-eji maụs.
technology,Kindly Obinna always uses a mouse. carefully.,Obinna na-eji maụs.
transportation,The car arrived early. today.,ụgbọala rutere n'oge.
government,The governor announced a meeting.,gọvanọ kwupụtara nzukọ.
government,Tomorrow The very governor announced a meeting. again.,gọvanọ kwupụtara nzukọ.
agriculture,cassava always grows well. today.,akpụ na-eto nke ọma.
weather,Today There very is sun today. now.,anwụ dị taa.
government,The senator announced a meeting.,senetọ kwupụtara nzukọ.
government,The senator announced a meeting. today.,senetọ kwupụtara nzukọ.
agriculture,Please The sometimes farmer planted rice. immediately.,Onye ọrụ ugbo kụrụ osikapa.
technology,Emeka uses a computer.,Emeka na-eji kọmputa.
technology,Tomorrow Emeka uses very a computer. again.,Emeka na-eji kọmputa.
technology,The mouse is new.,maụs ahụ dị ọhụrụ.
technology,Tomorrow The often mouse is new.,maụs ahụ dị ọhụrụ.
agriculture,The farmer planted yam.,Onye ọrụ ugbo kụrụ ji.
agriculture,Today The really farmer planted yam. today.,Onye ọrụ ugbo kụrụ ji.
general,Obinna lives in Onitsha.,Obinna bi na Ọnịcha.
general,Today Obinna lives always in Onitsha. now.,Obinna bi na Ọnịcha.
agriculture,John harvested cocoyam.,John kpọrọ ede.
agriculture,John sometimes harvested cocoyam. carefully.,John kpọrọ ede.
health,Quickly Ada really has fever. again.,Ada nwere ahụ ọkụ.
technology,The hardware is new.,họdụwia ahụ dị ọhụrụ.
technology,Kindly The hardware sometimes is new. carefully.,họdụwia ahụ dị ọhụrụ.
business,Please The very trader visited Nigeria. today.,Onye ahịa gara Naịjirịa.
health,David has fever.,David nwere ahụ ọkụ.
health,David really has fever. now.,David nwere ahụ ọkụ.
government,The president announced a meeting.,onye isi ala kwupụtara nzukọ.
government,Tomorrow The president announced a meeting. today.,onye isi ala kwupụtara nzukọ.
food,Kindly yam very tastes good. immediately.,ji na-atọ ụtọ.
agriculture,Please The farmer often planted yam. immediately.,Onye ọrụ ugbo kụrụ ji.
education,The school is open.,ụlọ akwụkwọ meghere.
education,Tomorrow The school really is open. carefully.,ụlọ akwụkwọ meghere.
technology,Chinedu repaired the computer.,Chinedu rụziri kọmputa.
technology,Tomorrow Chinedu repaired always the computer.,Chinedu rụziri kọmputa.
agriculture,Kindly yam really grows well. again.,ji na-eto nke ọma.
health,Please Ada very visited the hospital today. immediately.,Ada gara ụlọ ọgwụ taa.
food,Grace ate cassava.,Grace riri akpụ.
food,Grace often ate cassava. now.,Grace riri akpụ.
business,Ada sold the phone.,Ada rere ekwentị.
business,Now Ada always sold the phone. again.,Ada rere ekwentị.
business,Mary sold the bag.,Mary rere akpa.
business,Today Mary very sold the bag. again.,Mary rere akpa.
food,Emeka ate beans.,Emeka riri agwa.
food,Today Emeka sometimes ate beans. today.,Emeka riri agwa.
health,John visited the hospital today.,John gara ụlọ ọgwụ taa.
health,Today John visited the hospital today. today.,John gara ụlọ ọgwụ taa.
health,Obinna visited the hospital today.,Obinna gara ụlọ ọgwụ taa.
health,Tomorrow Obinna visited the sometimes hospital today. now.,Obinna gara ụlọ ọgwụ taa.
business,Kindly The trader really visited Onitsha. immediately.,Onye ahịa gara Ọnịcha.
education,Ada studies in the examination.,Ada na-amụ na ule.
education,Quickly Ada studies always in the examination. immediately.,Ada na-amụ na ule.
agriculture,David harvested rice.,David kpọrọ osikapa.
agriculture,Quickly David really harvested rice.,David kpọrọ osikapa.
technology,The database is new.,ụlọ nchekwa data ahụ dị ọhụrụ.
technology,Tomorrow The sometimes database is new. immediately.,ụlọ nchekwa data ahụ dị ọhụrụ.
weather,Today The very rain is changing. immediately.,mmiri ozuzo na-agbanwe.
general,Chinedu lives in Nigeria.,Chinedu bi na Naịjirịa.
general,Today Chinedu lives in Nigeria. today.,Chinedu bi na Naịjirịa.
weather,Tomorrow The always weather is changing. again.,ihu igwe na-agbanwe.
government,Mary met the president.,Mary zutere onye isi ala.
government,Now Mary met often the president. now.,Mary zutere onye isi ala.
business,Grace sold the table.,Grace rere tebụl.
business,Kindly Grace really sold the table. today.,Grace rere tebụl.
government,Kindly John met really the election. immediately.,John zutere ntuli aka.
general,Peter has a book.,Peter nwere akwụkwọ.
general,Tomorrow Peter has always a book. today.,Peter nwere akwụkwọ.
weather,Quickly There is very storm today. now.,oke ifufe dị taa.
general,Emeka will eat tomorrow.,Emeka ga rie echi.
general,Kindly Emeka will always eat tomorrow. again.,Emeka ga rie echi.
technology,Today The database often is new. immediately.,ụlọ nchekwa data ahụ dị ọhụrụ.
government,Quickly The election was peaceful. immediately.,Ntuli aka gara nke ọma.
weather,There always is rain today. carefully.,mmiri ozuzo dị taa.
technology,Emeka uses a database.,Emeka na-eji ụlọ nchekwa data.
technology,Today Emeka uses sometimes a database. immediately.,Emeka na-eji ụlọ nchekwa data.
education,Quickly The assignment is open. immediately.,ọrụ ụlọ meghere.
agriculture,Please The farmer very planted vegetable. immediately.,Onye ọrụ ugbo kụrụ akwukwo nri.
agriculture,Mary harvested tomato.,Mary kpọrọ tomato.
agriculture,Quickly Mary often harvested tomato. carefully.,Mary kpọrọ tomato.
agriculture,John harvested maize.,John kpọrọ ọka.
agriculture,John really harvested maize. immediately.,John kpọrọ ọka.
agriculture,Peter harvested rice.,Peter kpọrọ osikapa.
agriculture,Peter harvested rice. immediately.,Peter kpọrọ osikapa.
agriculture,Tomorrow maize sometimes grows well. carefully.,ọka na-eto nke ọma.
transportation,Chinedu boarded a bus.,Chinedu banyere bọs.
transportation,Kindly Chinedu sometimes boarded a bus. immediately.,Chinedu banyere bọs.
education,Peter studies in the assignment.,Peter na-amụ na ọrụ ụlọ.
education,Please Peter very studies in the assignment. carefully.,Peter na-amụ na ọrụ ụlọ.
health,Kindly The doctor often treated typhoid.,Dọkịta gwọrọ taịfọd.
education,Every teacher needs education.,onye nkuzi niile chọrọ agụmakwụkwọ.
education,Tomorrow Every teacher needs education. carefully.,onye nkuzi niile chọrọ agụmakwụkwọ.
transportation,Emeka travelled very to Lagos. today.,Emeka gara Lagos.
health,Tomorrow The sometimes doctor treated fever. again.,Dọkịta gwọrọ ahụ ọkụ.
food,Obinna ate beans.,Obinna riri agwa.
food,Today Obinna ate beans. again.,Obinna riri agwa.
weather,Quickly The often wind is changing. immediately.,ifufe na-agbanwe.
health,Now The sometimes doctor treated flu. today.,Dọkịta gwọrọ oyi.
weather,There is always rain today.,mmiri ozuzo dị taa.
health,David has cholera.,David nwere kọlera.
health,Quickly David really has cholera. now.,David nwere kọlera.
weather,Quickly There always is storm today. now.,oke ifufe dị taa.
agriculture,David harvested cassava.,David kpọrọ akpụ.
agriculture,Today David often harvested cassava. immediately.,David kpọrọ akpụ.
government,Today The minister always announced a meeting.,mịnista kwupụtara nzukọ.
general,Chinedu works quickly.,Chinedu na-arụ ọrụ ngwa ngwa.
general,Kindly Chinedu really works quickly. carefully.,Chinedu na-arụ ọrụ ngwa ngwa.
food,David ate yam.,David riri ji.
food,Kindly David really ate yam. now.,David riri ji.
transportation,Mary travelled to Nigeria.,Mary gara Naịjirịa.
transportation,Tomorrow Mary travelled to Nigeria.,Mary gara Naịjirịa.
government,Please The election always was peaceful. again.,Ntuli aka gara nke ọma.
weather,Mary likes the cloud.,Mary hụrụ igwe ojii n'anya.
weather,Now Mary likes very the cloud. now.,Mary hụrụ igwe ojii n'anya.
agriculture,Now maize grows well. today.,ọka na-eto nke ọma.
transportation,Now Ada always boarded a bicycle.,Ada banyere igwe kwụ otu ebe.
education,John studies in the assignment.,John na-amụ na ọrụ ụlọ.
education,Kindly John studies in always the assignment. immediately.,John na-amụ na ọrụ ụlọ.
general,Grace lives in Onitsha.,Grace bi na Ọnịcha.
general,Now Grace lives very in Onitsha. again.,Grace bi na Ọnịcha.
transportation,John boarded a airport.,John banyere ọdụ ụgbọ elu.
transportation,Kindly John boarded always a airport. again.,John banyere ọdụ ụgbọ elu.
agriculture,Chioma harvested pepper.,Chioma kpọrọ ose.
agriculture,Chioma always harvested pepper.,Chioma kpọrọ ose.
technology,John uses a computer.,John na-eji kọmputa.
technology,Now John sometimes uses a computer. today.,John na-eji kọmputa.
technology,Now The software always is new.,sọftụwia ahụ dị ọhụrụ.
technology,The software is new. carefully.,sọftụwia ahụ dị ọhụrụ.
education,Every doctor needs education.,dọkịta niile chọrọ agụmakwụkwọ.
education,Quickly Every always doctor needs education. carefully.,dọkịta niile chọrọ agụmakwụkwọ.
weather,Obinna likes the rain.,Obinna hụrụ mmiri ozuzo n'anya.
weather,Please Obinna likes sometimes the rain. carefully.,Obinna hụrụ mmiri ozuzo n'anya.
education,Quickly The assignment often is open. again.,ọrụ ụlọ meghere.
food,Chinedu cooked cassava.,Chinedu siri akpụ.
food,Today Chinedu always cooked cassava. now.,Chinedu siri akpụ.
transportation,Chinedu travelled to Kano.,Chinedu gara Kano.
transportation,Kindly Chinedu travelled to Kano. today.,Chinedu gara Kano.
business,David bought fish.,David zụtara azụ.
business,David often bought fish. carefully.,David zụtara azụ.
food,David ate egg.,David riri akwa.
food,Quickly David sometimes ate egg. immediately.,David riri akwa.
weather,Please The always sun is changing. again.,anwụ na-agbanwe.
general,Emeka works quickly.,Emeka na-arụ ọrụ ngwa ngwa.
general,Today Emeka sometimes works quickly. again.,Emeka na-arụ ọrụ ngwa ngwa.
business,The trader visited Owerri.,Onye ahịa gara Owerri.
business,Tomorrow The trader visited Owerri. today.,Onye ahịa gara Owerri.
weather,Quickly Mary likes very the cloud. again.,Mary hụrụ igwe ojii n'anya.
transportation,Today The airport always arrived early.,ọdụ ụgbọ elu rutere n'oge.
agriculture,Kindly yam grows well. now.,ji na-eto nke ọma.
education,Obinna studies in the student.,Obinna na-amụ na nwa akwụkwọ.
education,Tomorrow Obinna studies in the student. carefully.,Obinna na-amụ na nwa akwụkwọ.
government,The government announced always a meeting. carefully.,gọọmenti kwupụtara nzukọ.
education,Now Every nurse very needs education. immediately.,nọọsụ niile chọrọ agụmakwụkwọ.
general,Obinna works quickly.,Obinna na-arụ ọrụ ngwa ngwa.
general,Obinna very works quickly. immediately.,Obinna na-arụ ọrụ ngwa ngwa.
health,Today Peter visited the hospital today. now.,Peter gara ụlọ ọgwụ taa.
government,The election was peaceful. today.,Ntuli aka gara nke ọma.
agriculture,Kindly The farmer often planted cassava. carefully.,Onye ọrụ ugbo kụrụ akpụ.
transportation,The bus arrived early.,bọs rutere n'oge.
transportation,Today The really bus arrived early. again.,bọs rutere n'oge.
agriculture,The farmer planted cocoyam.,Onye ọrụ ugbo kụrụ ede.
agriculture,Tomorrow The very farmer planted cocoyam. today.,Onye ọrụ ugbo kụrụ ede.
education,Now Every really student needs education. immediately.,nwata akwụkwọ niile chọrọ agụmakwụkwọ.
technology,Mary repaired the database.,Mary rụziri ụlọ nchekwa data.
technology,Please Mary repaired really the database. carefully.,Mary rụziri ụlọ nchekwa data.
technology,David repaired the hardware.,David rụziri họdụwia.
technology,David repaired very the hardware. carefully.,David rụziri họdụwia.
business,Please Obinna sold very the car. carefully.,Obinna rere ụgbọala.
education,John studies in the examination.,John na-amụ na ule.
education,Now John always studies in the examination. carefully.,John na-amụ na ule.
technology,David uses a computer.,David na-eji kọmputa.
technology,Kindly David uses often a computer.,David na-eji kọmputa.
general,Today Chinedu very lives in Nigeria. carefully.,Chinedu bi na Naịjirịa.
health,Quickly The doctor treated fever.,Dọkịta gwọrọ ahụ ọkụ.
transportation,Please The bus always arrived early. immediately.,bọs rutere n'oge.
general,Mary is a teacher.,Mary bụ onye nkuzi.
general,Mary is a teacher. immediately.,Mary bụ onye nkuzi.
agriculture,The farmer planted pepper.,Onye ọrụ ugbo kụrụ ose.
agriculture,Tomorrow The really farmer planted pepper. again.,Onye ọrụ ugbo kụrụ ose.
government,Obinna met the president.,Obinna zutere onye isi ala.
government,Now Obinna met often the president. carefully.,Obinna zutere onye isi ala.
agriculture,Obinna harvested tomato.,Obinna kpọrọ tomato.
agriculture,Please Obinna sometimes harvested tomato. now.,Obinna kpọrọ tomato.
education,The very assignment is open. carefully.,ọrụ ụlọ meghere.
weather,Tomorrow There is always sun today. carefully.,anwụ dị taa.
education,Every engineer needs education.,injinia niile chọrọ agụmakwụkwọ.
education,Every engineer needs education. immediately.,injinia niile chọrọ agụmakwụkwọ.
education,Every police officer needs education.,onye uwe ojii niile chọrọ agụmakwụkwọ.
education,Tomorrow Every police sometimes officer needs education. again.,onye uwe ojii niile chọrọ agụmakwụkwọ.
health,David has diabetes.,David nwere shuga.
health,Quickly David has diabetes. again.,David nwere shuga.
government,Today The government often announced a meeting. again.,gọọmenti kwupụtara nzukọ.
weather,Chioma likes the storm.,Chioma hụrụ oke ifufe n'anya.
weather,Today Chioma often likes the storm. carefully.,Chioma hụrụ oke ifufe n'anya.
transportation,Obinna travelled to Onitsha.,Obinna gara Ọnịcha.
transportation,Quickly Obinna often travelled to Onitsha.,Obinna gara Ọnịcha.
general,The bag always is old. today.,akpa ahụ dị ochie.
food,Today garri really tastes good. again.,garri na-atọ ụtọ.
weather,There is cloud today.,igwe ojii dị taa.
weather,Tomorrow There is very cloud today.,igwe ojii dị taa.
health,The doctor treated malaria.,Dọkịta gwọrọ iba.
health,Quickly The really doctor treated malaria. now.,Dọkịta gwọrọ iba.
education,Chinedu studies in the library.,Chinedu na-amụ na ọba akwụkwọ.
education,Please Chinedu studies very in the library.,Chinedu na-amụ na ọba akwụkwọ.
transportation,John travelled to Abuja.,John gara Abuja.
transportation,Today John travelled really to Abuja. now.,John gara Abuja.
transportation,Chinedu boarded a car.,Chinedu banyere ụgbọala.
transportation,Tomorrow Chinedu often boarded a car. immediately.,Chinedu banyere ụgbọala.
weather,There is sun today. now.,anwụ dị taa.
transportation,John boarded a bus.,John banyere bọs.
transportation,Kindly John boarded sometimes a bus. immediately.,John banyere bọs.
health,Today The really doctor treated cholera. today.,Dọkịta gwọrọ kọlera.
government,The election very was peaceful.,Ntuli aka gara nke ọma.
health,The doctor very treated typhoid. immediately.,Dọkịta gwọrọ taịfọd.
government,Tomorrow The government announced sometimes a meeting. immediately.,gọọmenti kwupụtara nzukọ.
education,The examination is open.,ule meghere.
education,The examination often is open. now.,ule meghere.
government,Tomorrow The election often was peaceful. carefully.,Ntuli aka gara nke ọma.
agriculture,tomato grows well.,tomato na-eto nke ọma.
agriculture,Now tomato always grows well.,tomato na-eto nke ọma.
business,David bought soup.,David zụtara ofe.
business,Kindly David really bought soup.,David zụtara ofe.
government,Obinna met the senator.,Obinna zutere senetọ.
government,Please Obinna met sometimes the senator. carefully.,Obinna zutere senetọ.
education,Every programmer needs education.,onye mmemme kọmputa niile chọrọ agụmakwụkwọ.
education,Every programmer sometimes needs education.,onye mmemme kọmputa niile chọrọ agụmakwụkwọ.
food,Mary ate fish.,Mary riri azụ.
food,Kindly Mary ate fish. immediately.,Mary riri azụ.
health,Now The very doctor treated diabetes. again.,Dọkịta gwọrọ shuga.
weather,The rain always is changing. carefully.,mmiri ozuzo na-agbanwe.
business,Today The trader sometimes visited Nigeria. again.,Onye ahịa gara Naịjirịa.
transportation,Grace boarded a bus.,Grace banyere bọs.
transportation,Please Grace boarded a bus. today.,Grace banyere bọs.
government,Kindly The senator sometimes announced a meeting. carefully.,senetọ kwupụtara nzukọ.
technology,Mary uses a keyboard.,Mary na-eji kiibọdụ.
technology,Today Mary uses often a keyboard.,Mary na-eji kiibọdụ.
agriculture,Please maize often grows well. today.,ọka na-eto nke ọma.
food,Peter ate soup.,Peter riri ofe.
food,Quickly Peter sometimes ate soup. immediately.,Peter riri ofe.
agriculture,Kindly David really harvested rice. carefully.,David kpọrọ osikapa.
health,John always visited the hospital today. now.,John gara ụlọ ọgwụ taa.
business,Tomorrow The trader always visited Lagos. immediately.,Onye ahịa gara Lagos.
technology,Now Mary uses a keyboard. again.,Mary na-eji kiibọdụ.
food,Chioma ate yam.,Chioma riri ji.
food,Tomorrow Chioma very ate yam. now.,Chioma riri ji.
technology,John repaired the database.,John rụziri ụlọ nchekwa data.
technology,Now John sometimes repaired the database. immediately.,John rụziri ụlọ nchekwa data.
agriculture,Now tomato very grows well. carefully.,tomato na-eto nke ọma.
technology,Ada uses a database.,Ada na-eji ụlọ nchekwa data.
technology,Now Ada often uses a database.,Ada na-eji ụlọ nchekwa data.
education,Emeka studies in the classroom.,Emeka na-amụ na ụlọ klas.
education,Emeka studies in really the classroom. carefully.,Emeka na-amụ na ụlọ klas.
health,Now The often doctor treated typhoid. carefully.,Dọkịta gwọrọ taịfọd.
agriculture,Mary harvested cocoyam.,Mary kpọrọ ede.
agriculture,Today Mary harvested cocoyam.,Mary kpọrọ ede.
agriculture,Please The often farmer planted vegetable. immediately.,Onye ọrụ ugbo kụrụ akwukwo nri.
food,Chioma ate beans.,Chioma riri agwa.
food,Please Chioma really ate beans. now.,Chioma riri agwa.
agriculture,Chinedu harvested cocoyam.,Chinedu kpọrọ ede.
agriculture,Now Chinedu really harvested cocoyam. carefully.,Chinedu kpọrọ ede.
agriculture,Please cassava very grows well. again.,akpụ na-eto nke ọma.
general,The table is beautiful.,tebụl ahụ dị mara mma.
general,Tomorrow The table really is beautiful. immediately.,tebụl ahụ dị mara mma.
education,Grace studies in the assignment.,Grace na-amụ na ọrụ ụlọ.
education,Now Grace very studies in the assignment. today.,Grace na-amụ na ọrụ ụlọ.
transportation,Kindly The airport arrived early. today.,ọdụ ụgbọ elu rutere n'oge.
food,soup tastes good.,ofe na-atọ ụtọ.
food,soup very tastes good. immediately.,ofe na-atọ ụtọ.
agriculture,Emeka harvested yam.,Emeka kpọrọ ji.
agriculture,Kindly Emeka sometimes harvested yam. now.,Emeka kpọrọ ji.
business,Mary sold the computer.,Mary rere kọmputa.
government,Chinedu met the governor.,Chinedu zutere gọvanọ.
government,Please Chinedu met really the governor. now.,Chinedu zutere gọvanọ.
weather,The really sun is changing. immediately.,anwụ na-agbanwe.
food,Peter ate egg.,Peter riri akwa.
food,Today Peter ate egg. now.,Peter riri akwa.
general,Ada works carefully.,Ada na-arụ ọrụ nlezianya.
general,Now Ada works carefully. carefully.,Ada na-arụ ọrụ nlezianya.
agriculture,Tomorrow cassava always grows well. again.,akpụ na-eto nke ọma.
technology,Tomorrow The really mouse is new. immediately.,maụs ahụ dị ọhụrụ.
weather,The storm always is changing. now.,oke ifufe na-agbanwe.
government,Chinedu met the senator.,Chinedu zutere senetọ.
government,Quickly Chinedu sometimes met the senator.,Chinedu zutere senetọ.
business,Today The trader often visited Kano.,Onye ahịa gara Kano.
transportation,Chinedu travelled to Nigeria.,Chinedu gara Naịjirịa.
transportation,Kindly Chinedu always travelled to Nigeria.,Chinedu gara Naịjirịa.
transportation,Kindly The always bus arrived early. today.,bọs rutere n'oge.
technology,Chioma uses a software.,Chioma na-eji sọftụwia.
technology,Kindly Chioma uses a software. today.,Chioma na-eji sọftụwia.
agriculture,Today The often farmer planted cassava. now.,Onye ọrụ ugbo kụrụ akpụ.
health,Chinedu visited the hospital today.,Chinedu gara ụlọ ọgwụ taa.
health,Please Chinedu visited the sometimes hospital today. immediately.,Chinedu gara ụlọ ọgwụ taa.
general,David lives in Lagos.,David bi na Lagos.
general,Today David lives very in Lagos. again.,David bi na Lagos.
technology,Tomorrow The always mouse is new. today.,maụs ahụ dị ọhụrụ.
general,The phone is fast.,ekwentị ahụ dị ngwa ngwa.
general,Quickly The phone very is fast. again.,ekwentị ahụ dị ngwa ngwa.
technology,Ada repaired the website.,Ada rụziri weebụsaịtị.
technology,Tomorrow Ada very repaired the website.,Ada rụziri weebụsaịtị.
general,Obinna is a programmer.,Obinna bụ onye mmemme kọmputa.
general,Kindly Obinna really is a programmer. carefully.,Obinna bụ onye mmemme kọmputa.
education,Every farmer needs education.,onye ọrụ ugbo niile chọrọ agụmakwụkwọ.
education,Now Every farmer often needs education. immediately.,onye ọrụ ugbo niile chọrọ agụmakwụkwọ.
education,Mary studies in the school.,Mary na-amụ na ụlọ akwụkwọ.
education,Tomorrow Mary studies in the school. again.,Mary na-amụ na ụlọ akwụkwọ.
general,Mary lives in Nigeria.,Mary bi na Naịjirịa.
general,Mary very lives in Nigeria.,Mary bi na Naịjirịa.
weather,Today John likes often the cloud.,John hụrụ igwe ojii n'anya.
government,The election often was peaceful. again.,Ntuli aka gara nke ọma.
education,Now Every police officer very needs education. carefully.,onye uwe ojii niile chọrọ agụmakwụkwọ.
transportation,The always airport arrived early. carefully.,ọdụ ụgbọ elu rutere n'oge.
health,Grace visited the hospital today.,Grace gara ụlọ ọgwụ taa.
health,Tomorrow Grace visited sometimes the hospital today. again.,Grace gara ụlọ ọgwụ taa.
business,Quickly The trader really visited Enugu.,Onye ahịa gara Enugu.
transportation,David travelled to Nigeria.,David gara Naịjirịa.
transportation,David travelled really to Nigeria. now.,David gara Naịjirịa.
government,The governor always announced a meeting. immediately.,gọvanọ kwupụtara nzukọ.
business,Peter sold the chair.,Peter rere oche.
business,Please Peter sold the chair. carefully.,Peter rere oche.
general,John lives in Enugu.,John bi na Enugu.
general,Now John always lives in Enugu. again.,John bi na Enugu.
technology,Chinedu repaired the database.,Chinedu rụziri ụlọ nchekwa data.
technology,Tomorrow Chinedu repaired the database. again.,Chinedu rụziri ụlọ nchekwa data.
technology,Today The hardware always is new. immediately.,họdụwia ahụ dị ọhụrụ.
education,Every tailor needs education.,onye akwa niile chọrọ agụmakwụkwọ.
education,Tomorrow Every sometimes tailor needs education. today.,onye akwa niile chọrọ agụmakwụkwọ.
technology,Tomorrow Ada repaired sometimes the internet. again.,Ada rụziri ịntanet.
business,Ada bought meat.,Ada zụtara anụ.
business,Quickly Ada sometimes bought meat. again.,Ada zụtara anụ.
general,Ada is a mechanic.,Ada bụ onye nrụzi ụgbọala.
general,Today Ada is very a mechanic. now.,Ada bụ onye nrụzi ụgbọala.
education,David studies in the school.,David na-amụ na ụlọ akwụkwọ.
education,Today David studies in the school.,David na-amụ na ụlọ akwụkwọ.
transportation,The road arrived early.,ụzọ rutere n'oge.
transportation,The road very arrived early. immediately.,ụzọ rutere n'oge.
government,Grace met the governor.,Grace zutere gọvanọ.
government,Grace always met the governor. again.,Grace zutere gọvanọ.
government,Quickly The election sometimes was peaceful. again.,Ntuli aka gara nke ọma.
health,Now Chinedu visited often the hospital today. carefully.,Chinedu gara ụlọ ọgwụ taa.
government,Kindly The minister always announced a meeting. today.,mịnista kwupụtara nzukọ.
technology,Mary sometimes repaired the database. carefully.,Mary rụziri ụlọ nchekwa data.
transportation,Emeka boarded a car.,Emeka banyere ụgbọala.
transportation,Emeka boarded really a car. again.,Emeka banyere ụgbọala.
health,Obinna has fever.,Obinna nwere ahụ ọkụ.
health,Kindly Obinna really has fever. today.,Obinna nwere ahụ ọkụ.
agriculture,Chioma harvested cocoyam.,Chioma kpọrọ ede.
agriculture,Quickly Chioma harvested cocoyam. again.,Chioma kpọrọ ede.
agriculture,cocoyam grows well.,ede na-eto nke ọma.
agriculture,Now cocoyam very grows well. immediately.,ede na-eto nke ọma.
health,Emeka has typhoid.,Emeka nwere taịfọd.
health,Today Emeka very has typhoid. today.,Emeka nwere taịfọd.
weather,David likes the cloud.,David hụrụ igwe ojii n'anya.
weather,Tomorrow David likes the cloud. again.,David hụrụ igwe ojii n'anya.
technology,Kindly The database really is new.,ụlọ nchekwa data ahụ dị ọhụrụ.
education,Tomorrow Every always engineer needs education. carefully.,injinia niile chọrọ agụmakwụkwọ.
education,The library really is open. immediately.,ọba akwụkwọ meghere.
food,Please fish sometimes tastes good. today.,azụ na-atọ ụtọ.
food,Ada ate garri.,Ada riri garri.
food,Today Ada really ate garri. now.,Ada riri garri.
transportation,Obinna boarded a airport.,Obinna banyere ọdụ ụgbọ elu.
transportation,Today Obinna boarded a airport. carefully.,Obinna banyere ọdụ ụgbọ elu.
general,Chinedu has a computer.,Chinedu nwere kọmputa.
general,Kindly Chinedu really has a computer. now.,Chinedu nwere kọmputa.
education,Chioma studies in the library.,Chioma na-amụ na ọba akwụkwọ.
education,Kindly Chioma studies sometimes in the library. carefully.,Chioma na-amụ na ọba akwụkwọ.
health,Tomorrow John visited the often hospital today. carefully.,John gara ụlọ ọgwụ taa.
weather,Please There is wind today. today.,ifufe dị taa.
transportation,Quickly John travelled very to Abuja. today.,John gara Abuja.
government,Tomorrow The minister announced often a meeting. today.,mịnista kwupụtara nzukọ.
government,Now Grace met sometimes the president. carefully.,Grace zutere onye isi ala.
general,The car is big.,ụgbọala ahụ dị ukwu.
general,Today The really car is big. again.,ụgbọala ahụ dị ukwu.
business,John bought egg.,John zụtara akwa.
business,Today John bought egg. again.,John zụtara akwa.
business,Now The trader often visited Nigeria. carefully.,Onye ahịa gara Naịjirịa.
health,Kindly The always doctor treated typhoid. today.,Dọkịta gwọrọ taịfọd.
agriculture,Now Peter often harvested tomato. carefully.,Peter kpọrọ tomato.
food,Ada ate meat.,Ada riri anụ.
food,Ada sometimes ate meat. carefully.,Ada riri anụ.
business,Obinna sold the computer.,Obinna rere kọmputa.
business,Now Obinna often sold the computer. today.,Obinna rere kọmputa.
technology,Peter uses a website.,Peter na-eji weebụsaịtị.
technology,Today Peter uses always a website.,Peter na-eji weebụsaịtị.
technology,Mary uses a hardware.,Mary na-eji họdụwia.
technology,Quickly Mary uses very a hardware. today.,Mary na-eji họdụwia.
government,John met the senator.,John zutere senetọ.
government,Please John met really the senator. carefully.,John zutere senetọ.
food,Please beans always tastes good. today.,agwa na-atọ ụtọ.
food,Mary cooked garri.,Mary siri garri.
food,Tomorrow Mary really cooked garri.,Mary siri garri.
government,Tomorrow The minister announced very a meeting.,mịnista kwupụtara nzukọ.
transportation,Peter travelled to Onitsha.,Peter gara Ọnịcha.
transportation,Today Peter always travelled to Onitsha. again.,Peter gara Ọnịcha.
business,Kindly David always bought soup. today.,David zụtara ofe.
transportation,Chinedu travelled to Enugu.,Chinedu gara Enugu.
transportation,Today Chinedu travelled sometimes to Enugu. immediately.,Chinedu gara Enugu.
transportation,Peter boarded a airport.,Peter banyere ọdụ ụgbọ elu.
transportation,Please Peter boarded sometimes a airport. again.,Peter banyere ọdụ ụgbọ elu.
weather,Today David really likes the cloud. today.,David hụrụ igwe ojii n'anya.
general,Peter will read tomorrow.,Peter ga gụọ echi.
general,Tomorrow Peter will very read tomorrow. now.,Peter ga gụọ echi.
business,John sold the chair.,John rere oche.
business,Quickly John often sold the chair. again.,John rere oche.
health,Quickly Chinedu visited the hospital today. today.,Chinedu gara ụlọ ọgwụ taa.
technology,Obinna repaired the internet.,Obinna rụziri ịntanet.
technology,Obinna very repaired the internet. carefully.,Obinna rụziri ịntanet.
transportation,Ada boarded a car.,Ada banyere ụgbọala.
transportation,Ada boarded always a car. now.,Ada banyere ụgbọala.
weather,Please There is always wind today. again.,ifufe dị taa.
technology,John uses a database.,John na-eji ụlọ nchekwa data.
technology,Today John uses really a database. now.,John na-eji ụlọ nchekwa data.
government,Peter met the president.,Peter zutere onye isi ala.
government,Now Peter sometimes met the president. again.,Peter zutere onye isi ala.
transportation,Please The airport often arrived early. today.,ọdụ ụgbọ elu rutere n'oge.
food,Ada cooked beans.,Ada siri agwa.
food,Kindly Ada cooked beans. again.,Ada siri agwa.
weather,Now The storm is changing. carefully.,oke ifufe na-agbanwe.
agriculture,Peter harvested vegetable.,Peter kpọrọ akwukwo nri.
agriculture,Today Peter really harvested vegetable. now.,Peter kpọrọ akwukwo nri.
health,Kindly The doctor treated fever.,Dọkịta gwọrọ ahụ ọkụ.
agriculture,Quickly The always farmer planted rice. today.,Onye ọrụ ugbo kụrụ osikapa.
government,Chinedu met the election.,Chinedu zutere ntuli aka.
government,Please Chinedu met very the election. today.,Chinedu zutere ntuli aka.
technology,Emeka repaired the computer.,Emeka rụziri kọmputa.
technology,Tomorrow Emeka often repaired the computer.,Emeka rụziri kọmputa.
technology,Tomorrow Mary repaired the database. now.,Mary rụziri ụlọ nchekwa data.
business,Ada bought rice.,Ada zụtara osikapa.
business,Kindly Ada often bought rice. today.,Ada zụtara osikapa.
business,Quickly Obinna sold sometimes the car. today.,Obinna rere ụgbọala.
food,Ada cooked bread.,Ada siri achịcha.
food,Tomorrow Ada often cooked bread. immediately.,Ada siri achịcha.
government,Mary met the government.,Mary zutere gọọmenti.
government,Please Mary met sometimes the government. again.,Mary zutere gọọmenti.
agriculture,Today Chioma very harvested cocoyam. carefully.,Chioma kpọrọ ede.
transportation,Chioma travelled to Onitsha.,Chioma gara Ọnịcha.
transportation,Now Chioma travelled to Onitsha.,Chioma gara Ọnịcha.
health,Now The doctor sometimes treated flu. again.,Dọkịta gwọrọ oyi.
weather,Today There often is storm today. now.,oke ifufe dị taa.
agriculture,Kindly The farmer very planted maize. carefully.,Onye ọrụ ugbo kụrụ ọka.
education,Please Every really teacher needs education. carefully.,onye nkuzi niile chọrọ agụmakwụkwọ.
health,Chioma has diabetes.,Chioma nwere shuga.
health,Tomorrow Chioma really has diabetes. again.,Chioma nwere shuga.
weather,Now The always wind is changing. carefully.,ifufe na-agbanwe.
health,Quickly The often doctor treated typhoid.,Dọkịta gwọrọ taịfọd.
transportation,Quickly The bus sometimes arrived early. again.,bọs rutere n'oge.
business,Grace bought soup.,Grace zụtara ofe.
business,Today Grace really bought soup. carefully.,Grace zụtara ofe.
health,Today The often doctor treated malaria. carefully.,Dọkịta gwọrọ iba.
health,Tomorrow David really has diabetes. now.,David nwere shuga.
education,Ada studies in the classroom.,Ada na-amụ na ụlọ klas.
education,Please Ada sometimes studies in the classroom. today.,Ada na-amụ na ụlọ klas.
transportation,Kindly The road often arrived early. immediately.,ụzọ rutere n'oge.
food,Ada ate egg.,Ada riri akwa.
food,Quickly Ada really ate egg.,Ada riri akwa.
agriculture,Peter harvested yam.,Peter kpọrọ ji.
agriculture,Now Peter always harvested yam. immediately.,Peter kpọrọ ji.
business,Chinedu bought soup.,Chinedu zụtara ofe.
business,Please Chinedu often bought soup. again.,Chinedu zụtara ofe.
education,Every chef needs education.,onye isi nri niile chọrọ agụmakwụkwọ.
education,Please Every chef really needs education. again.,onye isi nri niile chọrọ agụmakwụkwọ.
health,Grace has malaria.,Grace nwere iba.
health,Now Grace always has malaria. carefully.,Grace nwere iba.
weather,Please The sometimes rain is changing.,mmiri ozuzo na-agbanwe.
technology,Ada uses a mouse.,Ada na-eji maụs.
technology,Please Ada uses often a mouse. carefully.,Ada na-eji maụs.
health,Today Mary always visited the hospital today.,Mary gara ụlọ ọgwụ taa.
weather,Ada likes the wind.,Ada hụrụ ifufe n'anya.
weather,Today Ada very likes the wind. carefully.,Ada hụrụ ifufe n'anya.
education,John studies in the classroom.,John na-amụ na ụlọ klas.
education,Today John studies in always the classroom. immediately.,John na-amụ na ụlọ klas.
business,Please The very trader visited Lagos. immediately.,Onye ahịa gara Lagos.
government,The election always was peaceful. immediately.,Ntuli aka gara nke ọma.
technology,Please The really internet is new.,ịntanet ahụ dị ọhụrụ.
business,Ada sold the bag.,Ada rere akpa.
business,Quickly Ada always sold the bag. again.,Ada rere akpa.
general,Obinna is a trader.,Obinna bụ onye ahịa.
general,Tomorrow Obinna is a trader. today.,Obinna bụ onye ahịa.
government,Tomorrow The election announced a meeting. today.,ntuli aka kwupụtara nzukọ.
weather,Quickly The sun often is changing. carefully.,anwụ na-agbanwe.
business,Ada sold the chair.,Ada rere oche.
business,Please Ada sold always the chair. now.,Ada rere oche.
weather,Emeka likes the weather.,Emeka hụrụ ihu igwe n'anya.
weather,Now Emeka likes very the weather. now.,Emeka hụrụ ihu igwe n'anya.
health,Now Emeka very visited the hospital today. again.,Emeka gara ụlọ ọgwụ taa.
education,Please The library is open. today.,ọba akwụkwọ meghere.
health,Quickly Peter always visited the hospital today. carefully.,Peter gara ụlọ ọgwụ taa.
health,John has fever.,John nwere ahụ ọkụ.
health,Please John always has fever.,John nwere ahụ ọkụ.
general,Obinna works carefully.,Obinna na-arụ ọrụ nlezianya.
general,Obinna very works carefully. today.,Obinna na-arụ ọrụ nlezianya.
agriculture,cassava really grows well. carefully.,akpụ na-eto nke ọma.
government,The president announced a meeting. again.,onye isi ala kwupụtara nzukọ.
education,Every nurse very needs education. again.,nọọsụ niile chọrọ agụmakwụkwọ.
health,Please The doctor really treated fever. immediately.,Dọkịta gwọrọ ahụ ọkụ.
agriculture,Kindly The farmer planted vegetable. now.,Onye ọrụ ugbo kụrụ akwukwo nri.
weather,Please There is sometimes wind today. again.,ifufe dị taa.
weather,Peter likes the sun.,Peter hụrụ anwụ n'anya.
weather,Today Peter likes really the sun. carefully.,Peter hụrụ anwụ n'anya.
technology,Tomorrow The keyboard really is new.,kiibọdụ ahụ dị ọhụrụ.
agriculture,Chinedu harvested vegetable.,Chinedu kpọrọ akwukwo nri.
agriculture,Now Chinedu harvested vegetable.,Chinedu kpọrọ akwukwo nri.
health,Mary visited the sometimes hospital today. today.,Mary gara ụlọ ọgwụ taa.
agriculture,Now The sometimes farmer planted pepper. again.,Onye ọrụ ugbo kụrụ ose.
education,Today Every programmer sometimes needs education.,onye mmemme kọmputa niile chọrọ agụmakwụkwọ.
general,Chioma will go tomorrow.,Chioma ga gaa echi.
general,Please Chioma very will go tomorrow. carefully.,Chioma ga gaa echi.
transportation,David travelled to Owerri.,David gara Owerri.
transportation,Tomorrow David travelled often to Owerri. now.,David gara Owerri.
technology,Chioma uses a keyboard.,Chioma na-eji kiibọdụ.
technology,Chioma uses sometimes a keyboard. again.,Chioma na-eji kiibọdụ.
government,Now The government sometimes announced a meeting. carefully.,gọọmenti kwupụtara nzukọ.
government,Today The sometimes governor announced a meeting. today.,gọvanọ kwupụtara nzukọ.
health,John has flu.,John nwere oyi.
health,Tomorrow John sometimes has flu. today.,John nwere oyi.
weather,There is sometimes storm today. immediately.,oke ifufe dị taa.
business,Emeka bought beans.,Emeka zụtara agwa.
business,Emeka bought beans. today.,Emeka zụtara agwa.
general,David has a phone.,David nwere ekwentị.
general,Kindly David often has a phone. again.,David nwere ekwentị.
transportation,Emeka boarded a motorcycle.,Emeka banyere ọkada.
transportation,Emeka boarded a motorcycle. again.,Emeka banyere ọkada.
agriculture,Quickly The very farmer planted yam. now.,Onye ọrụ ugbo kụrụ ji.
health,Kindly The doctor really treated flu. today.,Dọkịta gwọrọ oyi.
weather,Now The rain is changing. now.,mmiri ozuzo na-agbanwe.
business,Peter bought bread.,Peter zụtara achịcha.
business,Quickly Peter very bought bread. carefully.,Peter zụtara achịcha.
food,Please cassava very tastes good. now.,akpụ na-atọ ụtọ.
education,Today Emeka often studies in the library. carefully.,Emeka na-amụ na ọba akwụkwọ.
business,Tomorrow The very trader visited Enugu. now.,Onye ahịa gara Enugu.
education,Emeka studies in the assignment.,Emeka na-amụ na ọrụ ụlọ.
education,Tomorrow Emeka very studies in the assignment. again.,Emeka na-amụ na ọrụ ụlọ.
food,Chioma cooked garri.,Chioma siri garri.
food,Now Chioma sometimes cooked garri. today.,Chioma siri garri.
business,Please The trader really visited Owerri.,Onye ahịa gara Owerri.
weather,Today The sometimes storm is changing. carefully.,oke ifufe na-agbanwe.
weather,Kindly Obinna always likes the cloud. now.,Obinna hụrụ igwe ojii n'anya.
general,Mary will write tomorrow.,Mary ga dee echi.
general,Tomorrow Mary always will write tomorrow. carefully.,Mary ga dee echi.
technology,Emeka repaired the internet.,Emeka rụziri ịntanet.
technology,Quickly Emeka repaired very the internet. carefully.,Emeka rụziri ịntanet.
transportation,The bicycle arrived early.,igwe kwụ otu ebe rutere n'oge.
transportation,Today The bicycle often arrived early.,igwe kwụ otu ebe rutere n'oge.
business,Peter sold the book.,Peter rere akwụkwọ.
business,Kindly Peter sold sometimes the book. again.,Peter rere akwụkwọ.
business,Quickly The trader often visited Enugu. carefully.,Onye ahịa gara Enugu.
general,Peter has a car.,Peter nwere ụgbọala.
general,Now Peter has really a car. now.,Peter nwere ụgbọala.
general,Today David often has a phone. now.,David nwere ekwentị.
general,Obinna has a chair.,Obinna nwere oche.
general,Tomorrow Obinna really has a chair. again.,Obinna nwere oche.
agriculture,Chioma harvested maize.,Chioma kpọrọ ọka.
agriculture,Kindly Chioma harvested maize. now.,Chioma kpọrọ ọka.
food,Kindly meat really tastes good.,anụ na-atọ ụtọ.
general,Peter lives in Onitsha.,Peter bi na Ọnịcha.
general,Quickly Peter very lives in Onitsha. carefully.,Peter bi na Ọnịcha.
government,Now The president announced really a meeting.,onye isi ala kwupụtara nzukọ.
general,Obinna lives in Kano.,Obinna bi na Kano.
general,Please Obinna very lives in Kano. today.,Obinna bi na Kano.
health,Kindly The doctor treated fever. now.,Dọkịta gwọrọ ahụ ọkụ.
government,Quickly The government announced very a meeting. carefully.,gọọmenti kwupụtara nzukọ.
education,Kindly The often school is open. carefully.,ụlọ akwụkwọ meghere.
health,Now The very doctor treated flu. immediately.,Dọkịta gwọrọ oyi.
technology,Quickly Emeka very uses a website. now.,Emeka na-eji weebụsaịtị.
education,Tomorrow The student is open. carefully.,nwa akwụkwọ meghere.
general,Peter lives in Lagos.,Peter bi na Lagos.
general,Today Peter lives sometimes in Lagos. again.,Peter bi na Lagos.
agriculture,Now maize often grows well. today.,ọka na-eto nke ọma.
transportation,David boarded a bicycle.,David banyere igwe kwụ otu ebe.
transportation,David boarded a bicycle. today.,David banyere igwe kwụ otu ebe.
education,The classroom is open.,ụlọ klas meghere.
education,Quickly The classroom is open. again.,ụlọ klas meghere.
business,Chioma bought rice.,Chioma zụtara osikapa.
business,Today Chioma bought rice. now.,Chioma zụtara osikapa.
agriculture,Kindly The very farmer planted maize. today.,Onye ọrụ ugbo kụrụ ọka.
transportation,Now The airport always arrived early. carefully.,ọdụ ụgbọ elu rutere n'oge.
government,Tomorrow The election always was peaceful. now.,Ntuli aka gara nke ọma.
business,Quickly The often trader visited Abuja. now.,Onye ahịa gara Abuja.
health,David visited very the hospital today. now.,David gara ụlọ ọgwụ taa.
agriculture,Chinedu harvested maize.,Chinedu kpọrọ ọka.
agriculture,Tomorrow Chinedu really harvested maize. immediately.,Chinedu kpọrọ ọka.
government,Quickly The senator sometimes announced a meeting. again.,senetọ kwupụtara nzukọ.
health,Now David visited the hospital today. now.,David gara ụlọ ọgwụ taa.
health,Today John visited the often hospital today. carefully.,John gara ụlọ ọgwụ taa.
education,John studies in the teacher.,John na-amụ na onye nkuzi.
education,Today John studies sometimes in the teacher.,John na-amụ na onye nkuzi.
agriculture,Please tomato really grows well. immediately.,tomato na-eto nke ọma.
health,Tomorrow Peter visited the very hospital today. today.,Peter gara ụlọ ọgwụ taa.
transportation,Tomorrow Mary travelled very to Nigeria.,Mary gara Naịjirịa.
food,John cooked garri.,John siri garri.
food,Tomorrow John often cooked garri. today.,John siri garri.
agriculture,David harvested yam.,David kpọrọ ji.
agriculture,Tomorrow David always harvested yam. immediately.,David kpọrọ ji.
business,Obinna sold the chair.,Obinna rere oche.
business,Kindly Obinna sold very the chair. carefully.,Obinna rere oche.
agriculture,Now The really farmer planted cassava. again.,Onye ọrụ ugbo kụrụ akpụ.
general,Mary lives in Onitsha.,Mary bi na Ọnịcha.
general,Mary lives very in Onitsha. carefully.,Mary bi na Ọnịcha.
government,Quickly The really election was peaceful. again.,Ntuli aka gara nke ọma.
business,Please The very trader visited Onitsha. now.,Onye ahịa gara Ọnịcha.
business,Chinedu sold the phone.,Chinedu rere ekwentị.
business,Quickly Chinedu sold sometimes the phone. carefully.,Chinedu rere ekwentị.
education,Kindly The always examination is open. today.,ule meghere.
business,Peter bought beans.,Peter zụtara agwa.
business,Now Peter always bought beans. now.,Peter zụtara agwa.
business,Chioma sold the bag.,Chioma rere akpa.
business,Please Chioma often sold the bag.,Chioma rere akpa.
education,Quickly Every student often needs education. again.,nwata akwụkwọ niile chọrọ agụmakwụkwọ.
health,Emeka often has typhoid. immediately.,Emeka nwere taịfọd.
transportation,Mary travelled to Onitsha.,Mary gara Ọnịcha.
transportation,Today Mary sometimes travelled to Onitsha. now.,Mary gara Ọnịcha.
education,Quickly Obinna very studies in the school. immediately.,Obinna na-amụ na ụlọ akwụkwọ.
health,John has cholera.,John nwere kọlera.
health,Now John very has cholera. again.,John nwere kọlera.
transportation,Today The car arrived early.,ụgbọala rutere n'oge.
health,Kindly David really has diabetes.,David nwere shuga.
government,Quickly The election sometimes was peaceful. now.,Ntuli aka gara nke ọma.
technology,Ada uses a computer.,Ada na-eji kọmputa.
technology,Now Ada really uses a computer.,Ada na-eji kọmputa.
government,Tomorrow The election really was peaceful. again.,Ntuli aka gara nke ọma.
agriculture,Quickly rice often grows well. immediately.,osikapa na-eto nke ọma.
general,Please Obinna sometimes will sell tomorrow. immediately.,Obinna ga ree echi.
transportation,Peter travelled to Enugu.,Peter gara Enugu.
transportation,Kindly Peter often travelled to Enugu. again.,Peter gara Enugu.
technology,Chinedu uses a internet.,Chinedu na-eji ịntanet.
technology,Kindly Chinedu really uses a internet. again.,Chinedu na-eji ịntanet.
business,Chinedu bought egg.,Chinedu zụtara akwa.
business,Now Chinedu really bought egg. immediately.,Chinedu zụtara akwa.
business,Ada sold the computer.,Ada rere kọmputa.
business,Please Ada really sold the computer.,Ada rere kọmputa.
health,Tomorrow David visited the always hospital today. carefully.,David gara ụlọ ọgwụ taa.
transportation,Tomorrow The car sometimes arrived early. now.,ụgbọala rutere n'oge.
transportation,Mary boarded a bus.,Mary banyere bọs.
transportation,Please Mary boarded a bus. immediately.,Mary banyere bọs.
government,Mary met the minister.,Mary zutere mịnista.
government,Now Mary met really the minister. today.,Mary zutere mịnista.
food,Mary cooked cassava.,Mary siri akpụ.
food,Kindly Mary very cooked cassava. immediately.,Mary siri akpụ.
technology,Chinedu uses a database.,Chinedu na-eji ụlọ nchekwa data.
technology,Tomorrow Chinedu uses a database. today.,Chinedu na-eji ụlọ nchekwa data.
technology,Tomorrow Obinna repaired the internet. today.,Obinna rụziri ịntanet.
education,Today Every sometimes doctor needs education. today.,dọkịta niile chọrọ agụmakwụkwọ.
health,Today Grace visited the hospital today.,Grace gara ụlọ ọgwụ taa.
agriculture,Today The always farmer planted rice. now.,Onye ọrụ ugbo kụrụ osikapa.
agriculture,tomato grows well. today.,tomato na-eto nke ọma.
technology,Peter uses a database.,Peter na-eji ụlọ nchekwa data.
technology,Now Peter uses always a database. carefully.,Peter na-eji ụlọ nchekwa data.
business,Grace sold the car.,Grace rere ụgbọala.
business,Grace really sold the car. again.,Grace rere ụgbọala.
transportation,Today The always bicycle arrived early. again.,igwe kwụ otu ebe rutere n'oge.
technology,Today The database very is new.,ụlọ nchekwa data ahụ dị ọhụrụ.
transportation,Now The always bus arrived early. again.,bọs rutere n'oge.
health,Please Obinna visited the really hospital today.,Obinna gara ụlọ ọgwụ taa.
technology,Grace uses a internet.,Grace na-eji ịntanet.
technology,Tomorrow Grace sometimes uses a internet. again.,Grace na-eji ịntanet.
food,Emeka ate meat.,Emeka riri anụ.
food,Kindly Emeka ate meat. again.,Emeka riri anụ.
food,Grace cooked egg.,Grace siri akwa.
food,Kindly Grace really cooked egg. today.,Grace siri akwa.
health,Quickly Emeka sometimes visited the hospital today. now.,Emeka gara ụlọ ọgwụ taa.
transportation,Chinedu travelled to Owerri.,Chinedu gara Owerri.
transportation,Tomorrow Chinedu travelled very to Owerri. carefully.,Chinedu gara Owerri.
technology,Chinedu repaired the keyboard.,Chinedu rụziri kiibọdụ.
technology,Quickly Chinedu very repaired the keyboard. carefully.,Chinedu rụziri kiibọdụ.
health,Please Obinna visited sometimes the hospital today. today.,Obinna gara ụlọ ọgwụ taa.
food,Today garri really tastes good. today.,garri na-atọ ụtọ.
business,Now The trader visited Nigeria. today.,Onye ahịa gara Naịjirịa.
agriculture,Quickly maize always grows well. again.,ọka na-eto nke ọma.
government,Tomorrow The election really was peaceful. carefully.,Ntuli aka gara nke ọma.
agriculture,Tomorrow yam often grows well. immediately.,ji na-eto nke ọma.
transportation,Today The very airport arrived early. today.,ọdụ ụgbọ elu rutere n'oge.
government,Chioma met the election.,Chioma zutere ntuli aka.
government,Chioma always met the election. now.,Chioma zutere ntuli aka.
business,John bought meat.,John zụtara anụ.
business,John often bought meat. again.,John zụtara anụ.
business,Quickly The trader sometimes visited Nigeria. carefully.,Onye ahịa gara Naịjirịa.
transportation,Chinedu boarded a bicycle.,Chinedu banyere igwe kwụ otu ebe.
transportation,Kindly Chinedu very boarded a bicycle.,Chinedu banyere igwe kwụ otu ebe.
weather,Grace likes the rain.,Grace hụrụ mmiri ozuzo n'anya.
weather,Quickly Grace very likes the rain. today.,Grace hụrụ mmiri ozuzo n'anya.
business,Today The trader visited Owerri. carefully.,Onye ahịa gara Owerri.
agriculture,Now The farmer often planted tomato. immediately.,Onye ọrụ ugbo kụrụ tomato.
health,Tomorrow The doctor treated fever. today.,Dọkịta gwọrọ ahụ ọkụ.
government,Quickly The very election was peaceful. now.,Ntuli aka gara nke ọma.
transportation,Ada boarded a motorcycle.,Ada banyere ọkada.
transportation,Tomorrow Ada very boarded a motorcycle. again.,Ada banyere ọkada.
technology,Obinna uses a keyboard.,Obinna na-eji kiibọdụ.
technology,Kindly Obinna uses sometimes a keyboard. today.,Obinna na-eji kiibọdụ.
agriculture,Today The farmer very planted rice.,Onye ọrụ ugbo kụrụ osikapa.
food,John cooked fish.,John siri azụ.
food,Kindly John often cooked fish.,John siri azụ.
food,Please fish always tastes good.,azụ na-atọ ụtọ.
government,Chinedu really met the governor. again.,Chinedu zutere gọvanọ.
transportation,John boarded a motorcycle.,John banyere ọkada.
transportation,Tomorrow John often boarded a motorcycle.,John banyere ọkada.
transportation,Tomorrow The always bicycle arrived early. carefully.,igwe kwụ otu ebe rutere n'oge.
health,The doctor treated typhoid. now.,Dọkịta gwọrọ taịfọd.
weather,Now There is very sun today. immediately.,anwụ dị taa.
health,Please The doctor always treated typhoid. again.,Dọkịta gwọrọ taịfọd.
health,John visited the very hospital today. today.,John gara ụlọ ọgwụ taa.
food,Kindly fish sometimes tastes good. today.,azụ na-atọ ụtọ.
weather,Chinedu likes the wind.,Chinedu hụrụ ifufe n'anya.
weather,Kindly Chinedu likes sometimes the wind. immediately.,Chinedu hụrụ ifufe n'anya.
business,Please The trader sometimes visited Enugu. immediately.,Onye ahịa gara Enugu.
food,Now meat often tastes good. today.,anụ na-atọ ụtọ.
education,David studies in the school. carefully.,David na-amụ na ụlọ akwụkwọ.
technology,Peter uses a internet.,Peter na-eji ịntanet.
technology,Tomorrow Peter uses sometimes a internet. today.,Peter na-eji ịntanet.
technology,Now Emeka uses a website. again.,Emeka na-eji weebụsaịtị.
government,Obinna met the governor.,Obinna zutere gọvanọ.
government,Quickly Obinna met very the governor.,Obinna zutere gọvanọ.
food,Mary ate rice.,Mary riri osikapa.
food,Tomorrow Mary ate rice. carefully.,Mary riri osikapa.
education,Today Every often doctor needs education. carefully.,dọkịta niile chọrọ agụmakwụkwọ.
weather,Emeka likes the storm.,Emeka hụrụ oke ifufe n'anya.
weather,Emeka likes very the storm.,Emeka hụrụ oke ifufe n'anya.
weather,Please The rain always is changing. now.,mmiri ozuzo na-agbanwe.
business,Obinna always sold the computer. immediately.,Obinna rere kọmputa.
weather,There often is cloud today. immediately.,igwe ojii dị taa.
food,Today garri sometimes tastes good. immediately.,garri na-atọ ụtọ.
education,Mary studies in the library.,Mary na-amụ na ọba akwụkwọ.
education,Tomorrow Mary studies very in the library. now.,Mary na-amụ na ọba akwụkwọ.
technology,Grace uses a database.,Grace na-eji ụlọ nchekwa data.
technology,Please Grace uses sometimes a database. immediately.,Grace na-eji ụlọ nchekwa data.
government,The senator announced a meeting. again.,senetọ kwupụtara nzukọ.
agriculture,Mary harvested cassava.,Mary kpọrọ akpụ.
agriculture,Today Mary harvested cassava. immediately.,Mary kpọrọ akpụ.
general,Chioma lives in Abuja.,Chioma bi na Abuja.
general,Kindly Chioma sometimes lives in Abuja. today.,Chioma bi na Abuja.
government,Kindly The election really announced a meeting. again.,ntuli aka kwupụtara nzukọ.
technology,Ada uses a keyboard.,Ada na-eji kiibọdụ.
technology,Quickly Ada always uses a keyboard. now.,Ada na-eji kiibọdụ.
agriculture,Today The farmer planted cassava.,Onye ọrụ ugbo kụrụ akpụ.
agriculture,Tomorrow The sometimes farmer planted pepper. again.,Onye ọrụ ugbo kụrụ ose.
general,David works quickly.,David na-arụ ọrụ ngwa ngwa.
general,Tomorrow David always works quickly.,David na-arụ ọrụ ngwa ngwa.
transportation,Kindly The very car arrived early. carefully.,ụgbọala rutere n'oge.
business,Ada bought cassava.,Ada zụtara akpụ.
business,Kindly Ada often bought cassava. today.,Ada zụtara akpụ.
general,Chioma lives in Kano.,Chioma bi na Kano.
agriculture,Quickly The farmer planted yam. now.,Onye ọrụ ugbo kụrụ ji.
weather,Now David likes always the cloud.,David hụrụ igwe ojii n'anya.
health,Chinedu has typhoid.,Chinedu nwere taịfọd.
health,Chinedu has typhoid. now.,Chinedu nwere taịfọd.
health,The doctor treated cholera. today.,Dọkịta gwọrọ kọlera.
health,Today John visited often the hospital today. again.,John gara ụlọ ọgwụ taa.
weather,The often storm is changing. immediately.,oke ifufe na-agbanwe.
health,Mary visited often the hospital today. immediately.,Mary gara ụlọ ọgwụ taa.
government,Kindly The always election was peaceful. carefully.,Ntuli aka gara nke ọma.
food,Grace cooked soup.,Grace siri ofe.
food,Now Grace cooked soup. today.,Grace siri ofe.
government,Kindly The government very announced a meeting. today.,gọọmenti kwupụtara nzukọ.
transportation,Chinedu boarded a airport.,Chinedu banyere ọdụ ụgbọ elu.
transportation,Today Chinedu boarded a airport. today.,Chinedu banyere ọdụ ụgbọ elu.
general,The table is small.,tebụl ahụ dị obere.
general,Please The table really is small. now.,tebụl ahụ dị obere.
food,rice tastes good. today.,osikapa na-atọ ụtọ.
health,Quickly Emeka always has typhoid. immediately.,Emeka nwere taịfọd.
education,Chioma studies in the examination.,Chioma na-amụ na ule.
education,Today Chioma studies always in the examination. immediately.,Chioma na-amụ na ule.
business,Ada bought soup.,Ada zụtara ofe.
business,Today Ada really bought soup. immediately.,Ada zụtara ofe.
education,Today Every very tailor needs education. immediately.,onye akwa niile chọrọ agụmakwụkwọ.
health,Chinedu has malaria.,Chinedu nwere iba.
health,Quickly Chinedu very has malaria. again.,Chinedu nwere iba.
business,Mary sold the phone.,Mary rere ekwentị.
business,Now Mary sold the phone. now.,Mary rere ekwentị.
agriculture,vegetable grows well.,akwukwo nri na-eto nke ọma.
agriculture,Tomorrow vegetable grows well. again.,akwukwo nri na-eto nke ọma.
government,Please The often election was peaceful. carefully.,Ntuli aka gara nke ọma.
agriculture,Tomorrow The always farmer planted yam. carefully.,Onye ọrụ ugbo kụrụ ji.
weather,Tomorrow There is really wind today. now.,ifufe dị taa.
general,Ada lives in Kano.,Ada bi na Kano.
general,Tomorrow Ada very lives in Kano. again.,Ada bi na Kano.
weather,Peter likes the rain.,Peter hụrụ mmiri ozuzo n'anya.
weather,Today Peter likes the rain. carefully.,Peter hụrụ mmiri ozuzo n'anya.
food,soup sometimes tastes good. today.,ofe na-atọ ụtọ.
food,Grace cooked meat.,Grace siri anụ.
food,Now Grace always cooked meat. now.,Grace siri anụ.
government,Now The really election announced a meeting. immediately.,ntuli aka kwupụtara nzukọ.
health,Emeka has fever.,Emeka nwere ahụ ọkụ.
health,Quickly Emeka always has fever. now.,Emeka nwere ahụ ọkụ.
weather,Tomorrow The very rain is changing. today.,mmiri ozuzo na-agbanwe.
transportation,Emeka boarded a road.,Emeka banyere ụzọ.
transportation,Tomorrow Emeka boarded really a road. again.,Emeka banyere ụzọ.
education,Peter studies in the library.,Peter na-amụ na ọba akwụkwọ.
education,Please Peter studies in really the library. carefully.,Peter na-amụ na ọba akwụkwọ.
weather,David likes the weather.,David hụrụ ihu igwe n'anya.
weather,Today David likes always the weather. today.,David hụrụ ihu igwe n'anya.
general,Emeka lives in Kano.,Emeka bi na Kano.
general,Please Emeka lives really in Kano. today.,Emeka bi na Kano.
business,Please The trader very visited Onitsha. immediately.,Onye ahịa gara Ọnịcha.
education,John studies in the library.,John na-amụ na ọba akwụkwọ.
education,Please John studies in always the library. carefully.,John na-amụ na ọba akwụkwọ.
health,Today Grace really visited the hospital today. carefully.,Grace gara ụlọ ọgwụ taa.
food,bread tastes good.,achịcha na-atọ ụtọ.
food,Kindly bread really tastes good. immediately.,achịcha na-atọ ụtọ.
weather,Please There is really rain today. immediately.,mmiri ozuzo dị taa.
education,Please The examination sometimes is open. immediately.,ule meghere.
health,Today John visited the always hospital today.,John gara ụlọ ọgwụ taa.
technology,Now Chinedu repaired very the keyboard. immediately.,Chinedu rụziri kiibọdụ.
business,Today Grace very bought rice.,Grace zụtara osikapa.
transportation,Now Ada sometimes boarded a motorcycle. immediately.,Ada banyere ọkada.
food,Please meat always tastes good.,anụ na-atọ ụtọ.
general,Chioma will buy tomorrow.,Chioma ga zụ echi.
general,Today Chioma will often buy tomorrow. immediately.,Chioma ga zụ echi.
transportation,Today The very road arrived early.,ụzọ rutere n'oge.
transportation,Today The sometimes airport arrived early. immediately.,ọdụ ụgbọ elu rutere n'oge.
government,Grace met the minister.,Grace zutere mịnista.
government,Please Grace met always the minister. carefully.,Grace zutere mịnista.
education,Every trader needs education.,onye ahịa niile chọrọ agụmakwụkwọ.
education,Today Every trader needs education. immediately.,onye ahịa niile chọrọ agụmakwụkwọ.
technology,David uses a mouse.,David na-eji maụs.
technology,Kindly David uses a mouse. today.,David na-eji maụs.
transportation,Obinna boarded a bicycle.,Obinna banyere igwe kwụ otu ebe.
transportation,Today Obinna boarded really a bicycle. carefully.,Obinna banyere igwe kwụ otu ebe.
education,Now Every doctor really needs education. carefully.,dọkịta niile chọrọ agụmakwụkwọ.
agriculture,Today maize sometimes grows well. now.,ọka na-eto nke ọma.
business,The often trader visited Owerri.,Onye ahịa gara Owerri.
government,The election really was peaceful. again.,Ntuli aka gara nke ọma.
agriculture,Chioma harvested rice.,Chioma kpọrọ osikapa.
agriculture,Kindly Chioma always harvested rice. again.,Chioma kpọrọ osikapa.
technology,The mouse very is new.,maụs ahụ dị ọhụrụ.
education,Every student always needs education. now.,nwata akwụkwọ niile chọrọ agụmakwụkwọ.
general,Ada has a bag.,Ada nwere akpa.
general,Please Ada has very a bag. now.,Ada nwere akpa.
education,Quickly The student is open. again.,nwa akwụkwọ meghere.
transportation,Tomorrow Peter very boarded a airport. carefully.,Peter banyere ọdụ ụgbọ elu.
food,Kindly garri tastes good. immediately.,garri na-atọ ụtọ.
general,Peter is a nurse.,Peter bụ nọọsụ.
general,Kindly Peter is a nurse. now.,Peter bụ nọọsụ.
transportation,Today Chinedu boarded sometimes a airport. immediately.,Chinedu banyere ọdụ ụgbọ elu.
technology,Emeka repaired the database.,Emeka rụziri ụlọ nchekwa data.
technology,Emeka repaired really the database. immediately.,Emeka rụziri ụlọ nchekwa data.
food,Please meat tastes good. today.,anụ na-atọ ụtọ.
health,David has typhoid.,David nwere taịfọd.
health,Quickly David often has typhoid. today.,David nwere taịfọd.
general,Chinedu lives in Onitsha.,Chinedu bi na Ọnịcha.
general,Now Chinedu sometimes lives in Onitsha.,Chinedu bi na Ọnịcha.
transportation,Today The really bus arrived early.,bọs rutere n'oge.
food,Peter cooked bread.,Peter siri achịcha.
food,Kindly Peter often cooked bread. immediately.,Peter siri achịcha.
education,Now David studies often in the school. again.,David na-amụ na ụlọ akwụkwọ.
business,Chioma bought soup.,Chioma zụtara ofe.
business,Chioma often bought soup.,Chioma zụtara ofe.
agriculture,Please The farmer always planted maize. now.,Onye ọrụ ugbo kụrụ ọka.
technology,Today Ada uses really a website.,Ada na-eji weebụsaịtị.
business,Please Ada sold the bag. immediately.,Ada rere akpa.
weather,David likes the wind.,David hụrụ ifufe n'anya.
weather,Today David very likes the wind. today.,David hụrụ ifufe n'anya.
education,Now Every chef often needs education. carefully.,onye isi nri niile chọrọ agụmakwụkwọ.
transportation,Kindly The often bicycle arrived early. now.,igwe kwụ otu ebe rutere n'oge.
food,rice sometimes tastes good. today.,osikapa na-atọ ụtọ.
agriculture,Tomorrow The always farmer planted vegetable. immediately.,Onye ọrụ ugbo kụrụ akwukwo nri.
weather,Kindly There is storm today. again.,oke ifufe dị taa.
weather,The cloud is changing.,igwe ojii na-agbanwe.
weather,Quickly The really cloud is changing. carefully.,igwe ojii na-agbanwe.
technology,Peter repaired the computer.,Peter rụziri kọmputa.
technology,Please Peter always repaired the computer.,Peter rụziri kọmputa.
business,Tomorrow The trader visited Lagos. immediately.,Onye ahịa gara Lagos.
business,Emeka bought rice.,Emeka zụtara osikapa.
business,Tomorrow Emeka bought rice.,Emeka zụtara osikapa.
business,Kindly The trader very visited Enugu. again.,Onye ahịa gara Enugu.
food,Chioma ate meat.,Chioma riri anụ.
food,Please Chioma really ate meat. now.,Chioma riri anụ.
general,Ada is a trader.,Ada bụ onye ahịa.
general,Kindly Ada is often a trader. now.,Ada bụ onye ahịa.
transportation,Emeka travelled to Kano.,Emeka gara Kano.
transportation,Please Emeka very travelled to Kano. carefully.,Emeka gara Kano.
general,Emeka is a electrician.,Emeka bụ onye ọkụ eletrik.
general,Kindly Emeka is often a electrician. again.,Emeka bụ onye ọkụ eletrik.
technology,Please Peter often repaired the website. carefully.,Peter rụziri weebụsaịtị.
transportation,Mary boarded a bus. carefully.,Mary banyere bọs.
transportation,Ada travelled to Kano.,Ada gara Kano.
transportation,Tomorrow Ada very travelled to Kano. immediately.,Ada gara Kano.
technology,Peter uses a software.,Peter na-eji sọftụwia.
technology,Tomorrow Peter sometimes uses a software. carefully.,Peter na-eji sọftụwia.
food,Peter cooked yam.,Peter siri ji.
food,Today Peter sometimes cooked yam. again.,Peter siri ji.
education,The classroom very is open. now.,ụlọ klas meghere.
technology,Mary uses a mouse.,Mary na-eji maụs.
technology,Please Mary often uses a mouse. immediately.,Mary na-eji maụs.
general,Ada lives in Abuja.,Ada bi na Abuja.
general,Now Ada lives often in Abuja. again.,Ada bi na Abuja.
business,The trader visited Lagos. carefully.,Onye ahịa gara Lagos.
education,Please The very teacher is open. immediately.,onye nkuzi meghere.
agriculture,Kindly maize often grows well. immediately.,ọka na-eto nke ọma.
weather,Grace likes the cloud.,Grace hụrụ igwe ojii n'anya.
weather,Today Grace always likes the cloud. again.,Grace hụrụ igwe ojii n'anya.
health,Emeka has flu.,Emeka nwere oyi.
health,Please Emeka really has flu. immediately.,Emeka nwere oyi.
business,Chinedu bought yam.,Chinedu zụtara ji.
business,Kindly Chinedu often bought yam.,Chinedu zụtara ji.
education,Now Every doctor really needs education. now.,dọkịta niile chọrọ agụmakwụkwọ.
health,Today Chioma very has flu. today.,Chioma nwere oyi.
health,Today Emeka visited sometimes the hospital today. now.,Emeka gara ụlọ ọgwụ taa.
business,Tomorrow The really trader visited Owerri.,Onye ahịa gara Owerri.
transportation,Kindly The really car arrived early. carefully.,ụgbọala rutere n'oge.
food,Obinna cooked fish.,Obinna siri azụ.
food,Please Obinna cooked fish. immediately.,Obinna siri azụ.
technology,Please Chioma uses a software.,Chioma na-eji sọftụwia.
weather,Tomorrow The storm is changing. again.,oke ifufe na-agbanwe.
food,John ate meat.,John riri anụ.
food,Today John really ate meat. again.,John riri anụ.
government,Today The often election was peaceful. today.,Ntuli aka gara nke ọma.
general,John lives in Onitsha.,John bi na Ọnịcha.
general,Kindly John often lives in Onitsha. immediately.,John bi na Ọnịcha.
food,David cooked fish.,David siri azụ.
food,Please David sometimes cooked fish. carefully.,David siri azụ.
business,Obinna bought soup.,Obinna zụtara ofe.
business,Tomorrow Obinna sometimes bought soup. immediately.,Obinna zụtara ofe.
agriculture,Obinna harvested pepper.,Obinna kpọrọ ose.
agriculture,Now Obinna sometimes harvested pepper. now.,Obinna kpọrọ ose.
general,The computer is new.,kọmputa ahụ dị ọhụrụ.
general,Today The computer is new.,kọmputa ahụ dị ọhụrụ.
general,David works slowly.,David na-arụ ọrụ nwayọọ.
general,Quickly David very works slowly. now.,David na-arụ ọrụ nwayọọ.
technology,Quickly Emeka always repaired the internet. now.,Emeka rụziri ịntanet.
health,Quickly The doctor always treated malaria. now.,Dọkịta gwọrọ iba.
education,Ada studies in the school.,Ada na-amụ na ụlọ akwụkwọ.
education,Tomorrow Ada studies in often the school. carefully.,Ada na-amụ na ụlọ akwụkwọ.
agriculture,The farmer sometimes planted tomato. again.,Onye ọrụ ugbo kụrụ tomato.
transportation,Kindly The bicycle very arrived early. again.,igwe kwụ otu ebe rutere n'oge.
health,Please The always doctor treated malaria. carefully.,Dọkịta gwọrọ iba.
general,Chioma is a police officer.,Chioma bụ onye uwe ojii.
general,Kindly Chioma is a very police officer. immediately.,Chioma bụ onye uwe ojii.
education,Tomorrow Every police officer always needs education. today.,onye uwe ojii niile chọrọ agụmakwụkwọ.
technology,Please The keyboard sometimes is new. now.,kiibọdụ ahụ dị ọhụrụ.
government,David met the president.,David zutere onye isi ala.
government,David met sometimes the president. immediately.,David zutere onye isi ala.
agriculture,Mary harvested pepper.,Mary kpọrọ ose.
agriculture,Tomorrow Mary very harvested pepper. again.,Mary kpọrọ ose.
transportation,Quickly The sometimes airport arrived early. again.,ọdụ ụgbọ elu rutere n'oge.
technology,Please The always keyboard is new. today.,kiibọdụ ahụ dị ọhụrụ.
health,Tomorrow The doctor very treated diabetes.,Dọkịta gwọrọ shuga.
education,Tomorrow John studies always in the teacher. now.,John na-amụ na onye nkuzi.
education,The library is open. today.,ọba akwụkwọ meghere.
general,John is a tailor.,John bụ onye akwa.
general,Kindly John sometimes is a tailor. today.,John bụ onye akwa.
agriculture,Now cocoyam really grows well. immediately.,ede na-eto nke ọma.
agriculture,Peter often harvested rice. immediately.,Peter kpọrọ osikapa.
business,Please The really trader visited Lagos. today.,Onye ahịa gara Lagos.
health,Kindly The doctor treated flu. immediately.,Dọkịta gwọrọ oyi.
health,Now The sometimes doctor treated cholera. carefully.,Dọkịta gwọrọ kọlera.
education,Tomorrow The classroom always is open. now.,ụlọ klas meghere.
education,Kindly Peter very studies in the assignment. carefully.,Peter na-amụ na ọrụ ụlọ.
technology,Mary uses a database.,Mary na-eji ụlọ nchekwa data.
technology,Kindly Mary uses very a database. today.,Mary na-eji ụlọ nchekwa data.
education,Chinedu studies in the classroom.,Chinedu na-amụ na ụlọ klas.
education,Please Chinedu studies in the classroom. immediately.,Chinedu na-amụ na ụlọ klas.
government,Please The government always announced a meeting. immediately.,gọọmenti kwupụtara nzukọ.
education,Today Every mechanic very needs education. again.,onye nrụzi ụgbọala niile chọrọ agụmakwụkwọ.
food,Ada ate soup.,Ada riri ofe.
food,Please Ada very ate soup. today.,Ada riri ofe.
food,Emeka ate cassava.,Emeka riri akpụ.
food,Quickly Emeka very ate cassava. immediately.,Emeka riri akpụ.
agriculture,Today rice really grows well. now.,osikapa na-eto nke ọma.
health,Now The always doctor treated cholera. immediately.,Dọkịta gwọrọ kọlera.
food,David ate fish.,David riri azụ.
food,David sometimes ate fish. again.,David riri azụ.
food,Tomorrow soup very tastes good.,ofe na-atọ ụtọ.
weather,Kindly The cloud is changing. again.,igwe ojii na-agbanwe.
transportation,Quickly The sometimes road arrived early. now.,ụzọ rutere n'oge.
government,Please Obinna sometimes met the government. again.,Obinna zutere gọọmenti.
business,Peter bought cassava.,Peter zụtara akpụ.
business,Quickly Peter sometimes bought cassava. today.,Peter zụtara akpụ.
education,Now Every tailor needs education. now.,onye akwa niile chọrọ agụmakwụkwọ.
business,Chioma sold the chair.,Chioma rere oche.
business,Quickly Chioma sold often the chair. carefully.,Chioma rere oche.
transportation,Please The bicycle very arrived early. again.,igwe kwụ otu ebe rutere n'oge.
general,Ada lives in Onitsha.,Ada bi na Ọnịcha.
general,Today Ada lives sometimes in Onitsha. today.,Ada bi na Ọnịcha.
health,Please The doctor really treated fever. today.,Dọkịta gwọrọ ahụ ọkụ.
health,David always visited the hospital today. again.,David gara ụlọ ọgwụ taa.
technology,Now Ada uses really a keyboard. today.,Ada na-eji kiibọdụ.
business,Grace bought garri.,Grace zụtara garri.
business,Kindly Grace often bought garri.,Grace zụtara garri.
education,Peter studies in the student.,Peter na-amụ na nwa akwụkwọ.
education,Now Peter very studies in the student. now.,Peter na-amụ na nwa akwụkwọ.
weather,Today There is really cloud today. immediately.,igwe ojii dị taa.
agriculture,Obinna harvested rice.,Obinna kpọrọ osikapa.
agriculture,Today Obinna really harvested rice. carefully.,Obinna kpọrọ osikapa.
transportation,Tomorrow The bicycle sometimes arrived early. again.,igwe kwụ otu ebe rutere n'oge.
health,Now Chioma often has malaria. again.,Chioma nwere iba.
agriculture,Now vegetable very grows well. carefully.,akwukwo nri na-eto nke ọma.
business,Chinedu bought cassava.,Chinedu zụtara akpụ.
business,Quickly Chinedu always bought cassava.,Chinedu zụtara akpụ.
weather,Tomorrow There is sometimes sun today. carefully.,anwụ dị taa.
weather,Chinedu likes the weather.,Chinedu hụrụ ihu igwe n'anya.
weather,Today Chinedu likes very the weather.,Chinedu hụrụ ihu igwe n'anya.
business,Quickly The often trader visited Kano. carefully.,Onye ahịa gara Kano.
food,yam really tastes good. carefully.,ji na-atọ ụtọ.
transportation,Grace boarded a airport.,Grace banyere ọdụ ụgbọ elu.
transportation,Grace boarded really a airport.,Grace banyere ọdụ ụgbọ elu.
education,Grace studies in the teacher.,Grace na-amụ na onye nkuzi.
education,Now Grace sometimes studies in the teacher. now.,Grace na-amụ na onye nkuzi.
technology,Today Emeka uses very a computer. carefully.,Emeka na-eji kọmputa.
general,David works carefully.,David na-arụ ọrụ nlezianya.
general,Now David really works carefully. now.,David na-arụ ọrụ nlezianya.
transportation,Ada boarded a bus.,Ada banyere bọs.
transportation,Quickly Ada very boarded a bus. again.,Ada banyere bọs.
general,Please Grace lives in Onitsha. immediately.,Grace bi na Ọnịcha.
weather,Quickly There is really wind today. immediately.,ifufe dị taa.
agriculture,Kindly The farmer planted tomato. again.,Onye ọrụ ugbo kụrụ tomato.
agriculture,Now The very farmer planted cassava. now.,Onye ọrụ ugbo kụrụ akpụ.
education,Now The teacher is open. today.,onye nkuzi meghere.
food,yam often tastes good.,ji na-atọ ụtọ.
weather,Please The weather is changing. carefully.,ihu igwe na-agbanwe.
food,Please rice always tastes good. again.,osikapa na-atọ ụtọ.
government,Please The election sometimes was peaceful. today.,Ntuli aka gara nke ọma.
technology,Kindly The always software is new. carefully.,sọftụwia ahụ dị ọhụrụ.
government,Emeka met the minister.,Emeka zutere mịnista.
government,Please Emeka really met the minister. today.,Emeka zutere mịnista.
agriculture,Quickly Mary harvested pepper. today.,Mary kpọrọ ose.
government,The really governor announced a meeting. carefully.,gọvanọ kwupụtara nzukọ.
general,Obinna has a car.,Obinna nwere ụgbọala.
general,Now Obinna has really a car. again.,Obinna nwere ụgbọala.
education,Please Every very student needs education. today.,nwata akwụkwọ niile chọrọ agụmakwụkwọ.
agriculture,Quickly The farmer very planted yam. again.,Onye ọrụ ugbo kụrụ ji.
government,Today The really election was peaceful. now.,Ntuli aka gara nke ọma.
general,Kindly Obinna lives very in Abuja. carefully.,Obinna bi na Abuja.
technology,Today Ada repaired very the internet. today.,Ada rụziri ịntanet.
food,Chioma cooked soup.,Chioma siri ofe.
food,Quickly Chioma often cooked soup. now.,Chioma siri ofe.
food,Chioma ate soup.,Chioma riri ofe.
food,Today Chioma often ate soup. carefully.,Chioma riri ofe.
general,John works well.,John na-arụ ọrụ nke ọma.
general,John always works well.,John na-arụ ọrụ nke ọma.
government,Quickly The very election was peaceful. today.,Ntuli aka gara nke ọma.
technology,Grace uses a hardware.,Grace na-eji họdụwia.
technology,Please Grace uses very a hardware. today.,Grace na-eji họdụwia.
government,Please The often election was peaceful. immediately.,Ntuli aka gara nke ọma.
transportation,Kindly Chinedu boarded often a bus. immediately.,Chinedu banyere bọs.
health,Please The always doctor treated fever. today.,Dọkịta gwọrọ ahụ ọkụ.
government,Today The governor really announced a meeting. carefully.,gọvanọ kwupụtara nzukọ.
education,Every student always needs education. immediately.,nwata akwụkwọ niile chọrọ agụmakwụkwọ.
food,Now Chinedu cooked cassava. today.,Chinedu siri akpụ.
technology,Emeka repaired the mouse.,Emeka rụziri maụs.
technology,Emeka repaired sometimes the mouse. immediately.,Emeka rụziri maụs.
business,Emeka sold the phone.,Emeka rere ekwentị.
business,Quickly Emeka sold very the phone. today.,Emeka rere ekwentị.
health,Today Obinna visited very the hospital today. immediately.,Obinna gara ụlọ ọgwụ taa.
technology,Chioma uses a computer.,Chioma na-eji kọmputa.
technology,Chioma sometimes uses a computer. carefully.,Chioma na-eji kọmputa.
technology,Tomorrow Peter very repaired the computer. now.,Peter rụziri kọmputa.
food,David cooked cassava.,David siri akpụ.
food,Tomorrow David sometimes cooked cassava. now.,David siri akpụ.
government,The election always was peaceful. carefully.,Ntuli aka gara nke ọma.
business,Quickly Emeka sold the phone. again.,Emeka rere ekwentị.
food,garri always tastes good. now.,garri na-atọ ụtọ.
business,Now The sometimes trader visited Lagos. again.,Onye ahịa gara Lagos.
agriculture,Quickly David always harvested cassava. carefully.,David kpọrọ akpụ.
business,Now Ada sold the chair. carefully.,Ada rere oche.
health,Quickly The very doctor treated diabetes.,Dọkịta gwọrọ shuga.
agriculture,maize very grows well. again.,ọka na-eto nke ọma.
government,Tomorrow The government announced always a meeting. again.,gọọmenti kwupụtara nzukọ.
government,Quickly The president announced a meeting. again.,onye isi ala kwupụtara nzukọ.
transportation,Quickly David boarded sometimes a bicycle. today.,David banyere igwe kwụ otu ebe.
food,Kindly cassava tastes good.,akpụ na-atọ ụtọ.
general,The table is new.,tebụl ahụ dị ọhụrụ.
general,The really table is new. carefully.,tebụl ahụ dị ọhụrụ.
business,Ada sold the car.,Ada rere ụgbọala.
business,Tomorrow Ada really sold the car. now.,Ada rere ụgbọala.
education,Please The very school is open. again.,ụlọ akwụkwọ meghere.
food,Obinna cooked cassava.,Obinna siri akpụ.
food,Now Obinna sometimes cooked cassava. today.,Obinna siri akpụ.
government,Obinna met the election.,Obinna zutere ntuli aka.
government,Now Obinna met the election. carefully.,Obinna zutere ntuli aka.
technology,Mary repaired the website.,Mary rụziri weebụsaịtị.
technology,Please Mary repaired very the website. today.,Mary rụziri weebụsaịtị.
food,Obinna cooked soup.,Obinna siri ofe.
food,Kindly Obinna very cooked soup. immediately.,Obinna siri ofe.
government,Peter met the government.,Peter zutere gọọmenti.
government,Please Peter met very the government. again.,Peter zutere gọọmenti.
government,Ada met the minister.,Ada zutere mịnista.
government,Now Ada met always the minister. now.,Ada zutere mịnista.
health,Emeka visited the hospital today. immediately.,Emeka gara ụlọ ọgwụ taa.
agriculture,Tomorrow cocoyam grows well. immediately.,ede na-eto nke ọma.
general,Emeka will sell tomorrow.,Emeka ga ree echi.
general,Kindly Emeka will sometimes sell tomorrow. carefully.,Emeka ga ree echi.
government,Now The always government announced a meeting. carefully.,gọọmenti kwupụtara nzukọ.
agriculture,Now The often farmer planted rice.,Onye ọrụ ugbo kụrụ osikapa.
health,Chioma visited the hospital today.,Chioma gara ụlọ ọgwụ taa.
health,Chioma visited sometimes the hospital today.,Chioma gara ụlọ ọgwụ taa.
food,Now Ada really ate meat.,Ada riri anụ.
agriculture,Tomorrow The really farmer planted rice. again.,Onye ọrụ ugbo kụrụ osikapa.
business,Tomorrow The trader visited Nigeria. today.,Onye ahịa gara Naịjirịa.
general,Kindly The really bag is old. today.,akpa ahụ dị ochie.
health,Please The doctor treated malaria. now.,Dọkịta gwọrọ iba.
education,Quickly Every always police officer needs education.,onye uwe ojii niile chọrọ agụmakwụkwọ.
business,David sold the bag.,David rere akpa.
business,Tomorrow David sold really the bag. now.,David rere akpa.
education,Tomorrow Every teacher sometimes needs education. again.,onye nkuzi niile chọrọ agụmakwụkwọ.
education,Now John studies really in the classroom. today.,John na-amụ na ụlọ klas.
transportation,John travelled to Lagos.,John gara Lagos.
transportation,Quickly John sometimes travelled to Lagos. now.,John gara Lagos.
business,Now Grace always sold the table. again.,Grace rere tebụl.
health,Today The often doctor treated malaria. today.,Dọkịta gwọrọ iba.
general,Ada lives in Lagos.,Ada bi na Lagos.
general,Kindly Ada lives sometimes in Lagos. again.,Ada bi na Lagos.
technology,Now The sometimes software is new. again.,sọftụwia ahụ dị ọhụrụ.
health,Quickly Obinna visited really the hospital today. again.,Obinna gara ụlọ ọgwụ taa.
weather,Kindly The storm often is changing. today.,oke ifufe na-agbanwe.
technology,Grace uses a computer.,Grace na-eji kọmputa.
technology,Quickly Grace often uses a computer. carefully.,Grace na-eji kọmputa.
health,Mary has cholera.,Mary nwere kọlera.
health,Tomorrow Mary very has cholera. today.,Mary nwere kọlera.
agriculture,Quickly The often farmer planted maize. immediately.,Onye ọrụ ugbo kụrụ ọka.
government,The really election was peaceful. now.,Ntuli aka gara nke ọma.
food,fish often tastes good. today.,azụ na-atọ ụtọ.
government,Tomorrow The governor announced a meeting.,gọvanọ kwupụtara nzukọ.
education,Please David very studies in the school.,David na-amụ na ụlọ akwụkwọ.
education,Quickly Every very teacher needs education. now.,onye nkuzi niile chọrọ agụmakwụkwọ.
health,Now Obinna has fever.,Obinna nwere ahụ ọkụ.
health,Now Obinna often has fever. immediately.,Obinna nwere ahụ ọkụ.
weather,Kindly There sometimes is rain today. immediately.,mmiri ozuzo dị taa.
business,Grace bought egg.,Grace zụtara akwa.
business,Kindly Grace always bought egg. again.,Grace zụtara akwa.
government,Kindly The election announced really a meeting. now.,ntuli aka kwupụtara nzukọ.
weather,Today There is often storm today. carefully.,oke ifufe dị taa.
transportation,John travelled to Nigeria.,John gara Naịjirịa.
transportation,Please John travelled to Nigeria. carefully.,John gara Naịjirịa.
technology,Today Chinedu repaired the database.,Chinedu rụziri ụlọ nchekwa data.
general,Kindly Emeka often will sell tomorrow. again.,Emeka ga ree echi.
food,egg tastes good.,akwa na-atọ ụtọ.
food,Kindly egg sometimes tastes good.,akwa na-atọ ụtọ.
technology,Please David uses really a mouse.,David na-eji maụs.
transportation,Emeka boarded a airport.,Emeka banyere ọdụ ụgbọ elu.
transportation,Please Emeka really boarded a airport. immediately.,Emeka banyere ọdụ ụgbọ elu.
transportation,The airport sometimes arrived early. carefully.,ọdụ ụgbọ elu rutere n'oge.
weather,Please The rain often is changing. immediately.,mmiri ozuzo na-agbanwe.
government,Now The government sometimes announced a meeting.,gọọmenti kwupụtara nzukọ.
education,Kindly The always assignment is open. again.,ọrụ ụlọ meghere.
food,Now Chioma ate beans. immediately.,Chioma riri agwa.
food,Kindly John cooked fish. carefully.,John siri azụ.
business,Now Ada sometimes sold the bag. again.,Ada rere akpa.
education,Tomorrow Every always trader needs education. now.,onye ahịa niile chọrọ agụmakwụkwọ.
education,Tomorrow The student is open.,nwa akwụkwọ meghere.
technology,Peter uses a hardware.,Peter na-eji họdụwia.
technology,Peter very uses a hardware. today.,Peter na-eji họdụwia.
government,Peter met the senator.,Peter zutere senetọ.
government,Today Peter met the senator.,Peter zutere senetọ.
technology,Tomorrow Chioma repaired the software. again.,Chioma rụziri sọftụwia.
technology,Chinedu uses a computer.,Chinedu na-eji kọmputa.
technology,Today Chinedu uses always a computer. now.,Chinedu na-eji kọmputa.
technology,David uses a software.,David na-eji sọftụwia.
technology,Kindly David very uses a software. immediately.,David na-eji sọftụwia.
health,Please The doctor very treated malaria.,Dọkịta gwọrọ iba.
government,David met the governor.,David zutere gọvanọ.
government,David met sometimes the governor. again.,David zutere gọvanọ.
government,David met the government.,David zutere gọọmenti.
government,Tomorrow David often met the government. again.,David zutere gọọmenti.
transportation,Grace boarded a road.,Grace banyere ụzọ.
transportation,Quickly Grace boarded sometimes a road. again.,Grace banyere ụzọ.
food,Now Mary very ate fish. carefully.,Mary riri azụ.
transportation,Tomorrow The often road arrived early. immediately.,ụzọ rutere n'oge.
government,Today The election very was peaceful. again.,Ntuli aka gara nke ọma.
education,Every mechanic really needs education. now.,onye nrụzi ụgbọala niile chọrọ agụmakwụkwọ.
weather,Now Peter likes the sun. today.,Peter hụrụ anwụ n'anya.
weather,Tomorrow There always is wind today. carefully.,ifufe dị taa.
general,The computer is small.,kọmputa ahụ dị obere.
general,Kindly The often computer is small. immediately.,kọmputa ahụ dị obere.
government,The sometimes president announced a meeting. again.,onye isi ala kwupụtara nzukọ.
government,Quickly The sometimes election was peaceful. today.,Ntuli aka gara nke ọma.
technology,Ada repaired the mouse.,Ada rụziri maụs.
technology,Please Ada repaired sometimes the mouse. carefully.,Ada rụziri maụs.
food,Grace ate fish.,Grace riri azụ.
food,Please Grace really ate fish. again.,Grace riri azụ.
government,Quickly The sometimes election announced a meeting. immediately.,ntuli aka kwupụtara nzukọ.
weather,Obinna likes the sun.,Obinna hụrụ anwụ n'anya.
weather,Now Obinna likes often the sun. today.,Obinna hụrụ anwụ n'anya.
food,Now garri always tastes good.,garri na-atọ ụtọ.
transportation,Emeka travelled to Enugu.,Emeka gara Enugu.
transportation,Quickly Emeka travelled sometimes to Enugu. now.,Emeka gara Enugu.
food,David ate bread.,David riri achịcha.
food,David really ate bread. again.,David riri achịcha.
food,Tomorrow meat sometimes tastes good. carefully.,anụ na-atọ ụtọ.
technology,Tomorrow The hardware is new. carefully.,họdụwia ahụ dị ọhụrụ.
weather,Please The sometimes cloud is changing. carefully.,igwe ojii na-agbanwe.
weather,Tomorrow The storm sometimes is changing. now.,oke ifufe na-agbanwe.
agriculture,Kindly Emeka often harvested yam. immediately.,Emeka kpọrọ ji.
general,Grace has a table.,Grace nwere tebụl.
general,Tomorrow Grace has a table. today.,Grace nwere tebụl.
agriculture,John harvested pepper.,John kpọrọ ose.
agriculture,Please John harvested pepper. today.,John kpọrọ ose.
government,Emeka met always the government. again.,Emeka zutere gọọmenti.
agriculture,Tomorrow tomato very grows well. today.,tomato na-eto nke ọma.
technology,Emeka uses a keyboard.,Emeka na-eji kiibọdụ.
technology,Please Emeka always uses a keyboard. today.,Emeka na-eji kiibọdụ.
technology,Chioma uses a database.,Chioma na-eji ụlọ nchekwa data.
technology,Quickly Chioma uses often a database. carefully.,Chioma na-eji ụlọ nchekwa data.
food,Emeka cooked meat.,Emeka siri anụ.
food,Kindly Emeka really cooked meat. again.,Emeka siri anụ.
agriculture,Please vegetable sometimes grows well. carefully.,akwukwo nri na-eto nke ọma.
government,Today The election sometimes was peaceful. today.,Ntuli aka gara nke ọma.
health,Kindly The sometimes doctor treated fever. now.,Dọkịta gwọrọ ahụ ọkụ.
education,Emeka studies in the student.,Emeka na-amụ na nwa akwụkwọ.
education,Please Emeka studies in very the student.,Emeka na-amụ na nwa akwụkwọ.
food,Mary cooked egg.,Mary siri akwa.
food,Today Mary always cooked egg. carefully.,Mary siri akwa.
agriculture,pepper grows well.,ose na-eto nke ọma.
agriculture,Tomorrow pepper sometimes grows well.,ose na-eto nke ọma.
technology,Today Emeka repaired the software. again.,Emeka rụziri sọftụwia.
transportation,David boarded a car.,David banyere ụgbọala.
transportation,Tomorrow David often boarded a car. now.,David banyere ụgbọala.
agriculture,tomato often grows well.,tomato na-eto nke ọma.
general,The car is old.,ụgbọala ahụ dị ochie.
general,Now The sometimes car is old.,ụgbọala ahụ dị ochie.
agriculture,Mary really harvested pepper. again.,Mary kpọrọ ose.
agriculture,Today David sometimes harvested maize.,David kpọrọ ọka.
health,Tomorrow Obinna always has cholera. now.,Obinna nwere kọlera.
general,Peter will write tomorrow.,Peter ga dee echi.
general,Today Peter really will write tomorrow. today.,Peter ga dee echi.
general,Quickly Chinedu sometimes has a chair.,Chinedu nwere oche.
agriculture,Peter harvested pepper.,Peter kpọrọ ose.
agriculture,Peter very harvested pepper.,Peter kpọrọ ose.
general,David always has a phone. again.,David nwere ekwentị.
government,Now The always election was peaceful. again.,Ntuli aka gara nke ọma.
education,Now Every farmer needs education.,onye ọrụ ugbo niile chọrọ agụmakwụkwọ.
general,Kindly Chioma sometimes will go tomorrow.,Chioma ga gaa echi.
agriculture,Kindly The farmer planted yam. now.,Onye ọrụ ugbo kụrụ ji.
food,Now David often ate bread.,David riri achịcha.
business,Tomorrow The always trader visited Onitsha. immediately.,Onye ahịa gara Ọnịcha.
business,Chinedu sold the bag.,Chinedu rere akpa.
business,Now Chinedu really sold the bag. again.,Chinedu rere akpa.
food,Now garri sometimes tastes good.,garri na-atọ ụtọ.
transportation,Chinedu boarded a road.,Chinedu banyere ụzọ.
transportation,Tomorrow Chinedu boarded very a road. again.,Chinedu banyere ụzọ.
transportation,Today John boarded really a bus. today.,John banyere bọs.
technology,Tomorrow Ada uses often a keyboard. again.,Ada na-eji kiibọdụ.
technology,Chioma repaired the website.,Chioma rụziri weebụsaịtị.
technology,Chioma repaired the website. now.,Chioma rụziri weebụsaịtị.
weather,Kindly Chinedu likes sometimes the wind. carefully.,Chinedu hụrụ ifufe n'anya.
technology,Quickly The very mouse is new. today.,maụs ahụ dị ọhụrụ.
weather,Kindly There is often sun today. now.,anwụ dị taa.
health,Obinna visited really the hospital today. carefully.,Obinna gara ụlọ ọgwụ taa.
food,Grace cooked cassava.,Grace siri akpụ.
food,Quickly Grace sometimes cooked cassava. again.,Grace siri akpụ.
weather,Today Mary likes sometimes the sun.,Mary hụrụ anwụ n'anya.
business,David bought bread.,David zụtara achịcha.
business,Tomorrow David bought bread. now.,David zụtara achịcha.
government,Now The always governor announced a meeting. today.,gọvanọ kwupụtara nzukọ.
food,Quickly garri tastes good. again.,garri na-atọ ụtọ.
agriculture,Tomorrow yam very grows well. now.,ji na-eto nke ọma.
technology,Quickly Mary repaired sometimes the database.,Mary rụziri ụlọ nchekwa data.
health,Quickly The doctor treated flu. today.,Dọkịta gwọrọ oyi.
weather,Kindly Emeka likes often the weather.,Emeka hụrụ ihu igwe n'anya.
weather,Emeka likes the cloud.,Emeka hụrụ igwe ojii n'anya.
weather,Kindly Emeka likes sometimes the cloud. carefully.,Emeka hụrụ igwe ojii n'anya.
food,Now egg really tastes good. today.,akwa na-atọ ụtọ.
general,David will sell tomorrow.,David ga ree echi.
general,Today David will sell tomorrow.,David ga ree echi.
general,Mary has a book.,Mary nwere akwụkwọ.
general,Kindly Mary has always a book.,Mary nwere akwụkwọ.
business,Chinedu bought meat.,Chinedu zụtara anụ.
business,Tomorrow Chinedu very bought meat. immediately.,Chinedu zụtara anụ.
government,John met the governor.,John zutere gọvanọ.
government,Kindly John met often the governor.,John zutere gọvanọ.
food,Now bread really tastes good. again.,achịcha na-atọ ụtọ.
agriculture,Tomorrow The farmer very planted pepper. now.,Onye ọrụ ugbo kụrụ ose.
business,Please Ada really sold the bag. again.,Ada rere akpa.
general,Chioma has a table.,Chioma nwere tebụl.
general,Tomorrow Chioma very has a table.,Chioma nwere tebụl.
government,Chioma met the president.,Chioma zutere onye isi ala.
government,Now Chioma met often the president. now.,Chioma zutere onye isi ala.
business,Grace sold the book.,Grace rere akwụkwọ.
business,Quickly Grace very sold the book.,Grace rere akwụkwọ.
general,The phone is old.,ekwentị ahụ dị ochie.
general,Please The really phone is old. immediately.,ekwentị ahụ dị ochie.
general,Please Peter really works well. now.,Peter na-arụ ọrụ nke ọma.
technology,The website is new.,weebụsaịtị ahụ dị ọhụrụ.
technology,Now The always website is new.,weebụsaịtị ahụ dị ọhụrụ.
government,Now The election always was peaceful. now.,Ntuli aka gara nke ọma.
government,Quickly Mary sometimes met the minister. carefully.,Mary zutere mịnista.
government,Kindly Obinna sometimes met the election. today.,Obinna zutere ntuli aka.
government,Tomorrow The often election announced a meeting.,ntuli aka kwupụtara nzukọ.
agriculture,Quickly Mary very harvested cocoyam. again.,Mary kpọrọ ede.
business,The always trader visited Enugu. immediately.,Onye ahịa gara Enugu.
weather,Now Chioma likes sometimes the rain. again.,Chioma hụrụ mmiri ozuzo n'anya.
weather,There very is cloud today. immediately.,igwe ojii dị taa.
technology,Emeka uses a internet.,Emeka na-eji ịntanet.
technology,Now Emeka very uses a internet. immediately.,Emeka na-eji ịntanet.
transportation,Now The always bicycle arrived early. now.,igwe kwụ otu ebe rutere n'oge.
transportation,Quickly The sometimes road arrived early.,ụzọ rutere n'oge.
technology,Now The very mouse is new. carefully.,maụs ahụ dị ọhụrụ.
transportation,Today David boarded a airport. carefully.,David banyere ọdụ ụgbọ elu.
general,David is a doctor.,David bụ dọkịta.
general,David is sometimes a doctor. today.,David bụ dọkịta.
technology,Mary repaired the internet.,Mary rụziri ịntanet.
technology,Now Mary often repaired the internet. now.,Mary rụziri ịntanet.
education,Kindly Obinna sometimes studies in the student. now.,Obinna na-amụ na nwa akwụkwọ.
government,Tomorrow The election always announced a meeting. now.,ntuli aka kwupụtara nzukọ.
agriculture,Please The farmer planted cassava. carefully.,Onye ọrụ ugbo kụrụ akpụ.
business,Emeka sold the book.,Emeka rere akwụkwọ.
business,Now Emeka sold always the book. carefully.,Emeka rere akwụkwọ.
weather,Today The very cloud is changing. now.,igwe ojii na-agbanwe.
general,The book is old.,akwụkwọ ahụ dị ochie.
general,Kindly The book sometimes is old.,akwụkwọ ahụ dị ochie.
government,Now The election often was peaceful. now.,Ntuli aka gara nke ọma.
food,Today Grace really ate cassava. again.,Grace riri akpụ.
transportation,Emeka boarded a bicycle.,Emeka banyere igwe kwụ otu ebe.
transportation,Please Emeka boarded often a bicycle. carefully.,Emeka banyere igwe kwụ otu ebe.
general,The bag is small.,akpa ahụ dị obere.
general,Now The bag often is small. again.,akpa ahụ dị obere.
government,Please The governor really announced a meeting. again.,gọvanọ kwupụtara nzukọ.
transportation,Peter travelled to Owerri.,Peter gara Owerri.
transportation,Peter really travelled to Owerri. today.,Peter gara Owerri.
health,Peter has typhoid.,Peter nwere taịfọd.
health,Now Peter always has typhoid. today.,Peter nwere taịfọd.
education,Tomorrow Emeka studies in the school. carefully.,Emeka na-amụ na ụlọ akwụkwọ.
weather,Now The weather is changing. carefully.,ihu igwe na-agbanwe.
agriculture,Tomorrow cassava very grows well. carefully.,akpụ na-eto nke ọma.
food,Emeka cooked soup.,Emeka siri ofe.
food,Now Emeka very cooked soup. again.,Emeka siri ofe.
general,Obinna is a driver.,Obinna bụ onye ọkwọ ụgbọala.
general,Tomorrow Obinna is a driver.,Obinna bụ onye ọkwọ ụgbọala.
business,Now Obinna sometimes sold the chair. again.,Obinna rere oche.
business,Grace sold the chair.,Grace rere oche.
business,Today Grace sold the chair. now.,Grace rere oche.
technology,David repaired the software.,David rụziri sọftụwia.
technology,Tomorrow David always repaired the software. immediately.,David rụziri sọftụwia.
general,Chinedu lives in Abuja.,Chinedu bi na Abuja.
general,Tomorrow Chinedu really lives in Abuja.,Chinedu bi na Abuja.
transportation,Today The airport arrived early. carefully.,ọdụ ụgbọ elu rutere n'oge.
business,Today The trader sometimes visited Enugu. again.,Onye ahịa gara Enugu.
technology,Now Mary sometimes uses a hardware. today.,Mary na-eji họdụwia.
agriculture,Please Obinna often harvested rice. today.,Obinna kpọrọ osikapa.
government,David met the election.,David zutere ntuli aka.
government,Please David met always the election.,David zutere ntuli aka.
weather,Tomorrow There is very sun today.,anwụ dị taa.
general,Mary works slowly.,Mary na-arụ ọrụ nwayọọ.
general,Now Mary sometimes works slowly. immediately.,Mary na-arụ ọrụ nwayọọ.
technology,Peter uses a mouse.,Peter na-eji maụs.
technology,Tomorrow Peter uses sometimes a mouse. carefully.,Peter na-eji maụs.
weather,Today There is cloud today. again.,igwe ojii dị taa.
food,Mary ate garri.,Mary riri garri.
food,Quickly Mary ate garri. now.,Mary riri garri.
health,Tomorrow The doctor sometimes treated cholera. immediately.,Dọkịta gwọrọ kọlera.
technology,Obinna repaired the software.,Obinna rụziri sọftụwia.
technology,Today Obinna really repaired the software. again.,Obinna rụziri sọftụwia.
business,The trader really visited Enugu. again.,Onye ahịa gara Enugu.
food,Now Obinna sometimes ate beans. carefully.,Obinna riri agwa.
government,Quickly Peter met always the senator. today.,Peter zutere senetọ.
food,Tomorrow bread tastes good. immediately.,achịcha na-atọ ụtọ.
health,Quickly John visited the really hospital today. immediately.,John gara ụlọ ọgwụ taa.
government,The government always announced a meeting.,gọọmenti kwupụtara nzukọ.
weather,Ada likes the sun.,Ada hụrụ anwụ n'anya.
weather,Today Ada often likes the sun. today.,Ada hụrụ anwụ n'anya.
general,Peter is a student.,Peter bụ nwata akwụkwọ.
general,Quickly Peter is always a student. today.,Peter bụ nwata akwụkwọ.
general,The chair is small.,oche ahụ dị obere.
general,The chair very is small.,oche ahụ dị obere.
general,Chioma has a computer.,Chioma nwere kọmputa.
general,Tomorrow Chioma always has a computer. today.,Chioma nwere kọmputa.
general,John will come tomorrow.,John ga bịa echi.
general,Tomorrow John will always come tomorrow. now.,John ga bịa echi.
transportation,Tomorrow David boarded often a car. carefully.,David banyere ụgbọala.
weather,Kindly There very is weather today. today.,ihu igwe dị taa.
transportation,Now Chinedu travelled very to Nigeria. now.,Chinedu gara Naịjirịa.
transportation,Chioma boarded a airport.,Chioma banyere ọdụ ụgbọ elu.
transportation,Now Chioma sometimes boarded a airport. now.,Chioma banyere ọdụ ụgbọ elu.
agriculture,Today David always harvested cassava. now.,David kpọrọ akpụ.
general,Grace will sell tomorrow.,Grace ga ree echi.
general,Please Grace sometimes will sell tomorrow. now.,Grace ga ree echi.
education,Emeka studies in the teacher.,Emeka na-amụ na onye nkuzi.
education,Kindly Emeka studies in sometimes the teacher. carefully.,Emeka na-amụ na onye nkuzi.
health,Quickly Emeka often visited the hospital today. now.,Emeka gara ụlọ ọgwụ taa.
education,Quickly The really examination is open. now.,ule meghere.
business,Chioma sold the car.,Chioma rere ụgbọala.
business,Quickly Chioma really sold the car. carefully.,Chioma rere ụgbọala.
health,Kindly The doctor sometimes treated typhoid. now.,Dọkịta gwọrọ taịfọd.
health,Obinna has flu.,Obinna nwere oyi.
health,Tomorrow Obinna sometimes has flu.,Obinna nwere oyi.
transportation,Tomorrow Chinedu boarded a bicycle.,Chinedu banyere igwe kwụ otu ebe.
health,Kindly Ada visited the hospital today.,Ada gara ụlọ ọgwụ taa.
general,Please Ada always works carefully.,Ada na-arụ ọrụ nlezianya.
transportation,Mary travelled always to Nigeria. carefully.,Mary gara Naịjirịa.
business,Now The always trader visited Onitsha. again.,Onye ahịa gara Ọnịcha.
business,Chinedu sold the car.,Chinedu rere ụgbọala.
business,Now Chinedu sold really the car. now.,Chinedu rere ụgbọala.
government,John met the government.,John zutere gọọmenti.
government,Now John very met the government. again.,John zutere gọọmenti.
agriculture,pepper really grows well. now.,ose na-eto nke ọma.
weather,Please The cloud really is changing. carefully.,igwe ojii na-agbanwe.
business,John sold the table.,John rere tebụl.
business,Today John very sold the table. carefully.,John rere tebụl.
food,Chinedu ate bread.,Chinedu riri achịcha.
food,Today Chinedu very ate bread. carefully.,Chinedu riri achịcha.
business,Emeka bought soup. carefully.,Emeka zụtara ofe.
government,Now The really election was peaceful. immediately.,Ntuli aka gara nke ọma.
transportation,Chioma travelled to Lagos.,Chioma gara Lagos.
transportation,Kindly Chioma travelled to Lagos. again.,Chioma gara Lagos.
agriculture,The farmer sometimes planted rice.,Onye ọrụ ugbo kụrụ osikapa.
general,Ada is a doctor.,Ada bụ dọkịta.
general,Today Ada is very a doctor. immediately.,Ada bụ dọkịta.
government,Today Chinedu met always the governor. again.,Chinedu zutere gọvanọ.
weather,Today The rain very is changing. again.,mmiri ozuzo na-agbanwe.
agriculture,Tomorrow The very farmer planted vegetable. now.,Onye ọrụ ugbo kụrụ akwukwo nri.
weather,Tomorrow The storm is changing. now.,oke ifufe na-agbanwe.
weather,John likes the sun.,John hụrụ anwụ n'anya.
weather,Now John likes always the sun. again.,John hụrụ anwụ n'anya.
education,Now Peter often studies in the student.,Peter na-amụ na nwa akwụkwọ.
transportation,Tomorrow The road arrived early. immediately.,ụzọ rutere n'oge.
weather,Chinedu likes the sun.,Chinedu hụrụ anwụ n'anya.
weather,Kindly Chinedu likes very the sun. now.,Chinedu hụrụ anwụ n'anya.
government,Now Obinna met sometimes the president. immediately.,Obinna zutere onye isi ala.
weather,Kindly There very is cloud today. again.,igwe ojii dị taa.
education,Kindly The classroom very is open. today.,ụlọ klas meghere.
transportation,Ada boarded really a motorcycle.,Ada banyere ọkada.
education,Please Obinna really studies in the student. carefully.,Obinna na-amụ na nwa akwụkwọ.
government,Today The very election was peaceful. again.,Ntuli aka gara nke ọma.
weather,Please The very cloud is changing. again.,igwe ojii na-agbanwe.
agriculture,Ada harvested cocoyam.,Ada kpọrọ ede.
agriculture,Tomorrow Ada always harvested cocoyam. today.,Ada kpọrọ ede.
education,Kindly Obinna studies in really the school. carefully.,Obinna na-amụ na ụlọ akwụkwọ.
general,The phone is new.,ekwentị ahụ dị ọhụrụ.
general,Today The phone is new. again.,ekwentị ahụ dị ọhụrụ.
technology,Please Grace very uses a database. again.,Grace na-eji ụlọ nchekwa data.
general,Now Mary lives in Onitsha.,Mary bi na Ọnịcha.
weather,Now There is always storm today. today.,oke ifufe dị taa.
education,Kindly Grace studies often in the assignment. today.,Grace na-amụ na ọrụ ụlọ.
education,Today Every always mechanic needs education. today.,onye nrụzi ụgbọala niile chọrọ agụmakwụkwọ.
weather,Please The sun sometimes is changing. carefully.,anwụ na-agbanwe.
food,Kindly Grace often cooked egg. carefully.,Grace siri akwa.
transportation,Quickly Grace boarded really a bus. today.,Grace banyere bọs.
government,The president announced very a meeting. carefully.,onye isi ala kwupụtara nzukọ.
technology,Now Ada repaired always the website. carefully.,Ada rụziri weebụsaịtị.
health,Quickly The doctor often treated typhoid. now.,Dọkịta gwọrọ taịfọd.
weather,There is often sun today. immediately.,anwụ dị taa.
education,Now The student is open. today.,nwa akwụkwọ meghere.
weather,Mary likes the weather.,Mary hụrụ ihu igwe n'anya.
weather,Kindly Mary likes very the weather. now.,Mary hụrụ ihu igwe n'anya.
transportation,Chioma sometimes travelled to Lagos. now.,Chioma gara Lagos.
health,Now Peter visited the hospital today. carefully.,Peter gara ụlọ ọgwụ taa.
general,The book is big.,akwụkwọ ahụ dị ukwu.
general,Tomorrow The often book is big. again.,akwụkwọ ahụ dị ukwu.
food,Kindly Ada really ate meat.,Ada riri anụ.
business,Tomorrow The trader visited Abuja. again.,Onye ahịa gara Abuja.
government,Please The president announced a meeting.,onye isi ala kwupụtara nzukọ.
education,Every really engineer needs education. carefully.,injinia niile chọrọ agụmakwụkwọ.
agriculture,Quickly cassava sometimes grows well. immediately.,akpụ na-eto nke ọma.
agriculture,Today maize often grows well. immediately.,ọka na-eto nke ọma.
education,Now Every police officer really needs education. again.,onye uwe ojii niile chọrọ agụmakwụkwọ.
technology,Quickly The mouse very is new. carefully.,maụs ahụ dị ọhụrụ.
technology,Peter uses a keyboard.,Peter na-eji kiibọdụ.
technology,Please Peter sometimes uses a keyboard. immediately.,Peter na-eji kiibọdụ.
transportation,Quickly The really road arrived early.,ụzọ rutere n'oge.
education,Grace studies in the school.,Grace na-amụ na ụlọ akwụkwọ.
education,Quickly Grace studies in really the school. now.,Grace na-amụ na ụlọ akwụkwọ.
business,Peter sometimes bought egg. immediately.,Peter zụtara akwa.
agriculture,Kindly The farmer planted tomato. immediately.,Onye ọrụ ugbo kụrụ tomato.
technology,Kindly Peter often uses a hardware. immediately.,Peter na-eji họdụwia.
business,Today The trader often visited Enugu. now.,Onye ahịa gara Enugu.
government,Now The always minister announced a meeting. carefully.,mịnista kwupụtara nzukọ.
transportation,Obinna travelled to Abuja.,Obinna gara Abuja.
transportation,Please Obinna travelled always to Abuja.,Obinna gara Abuja.
general,Mary has a table.,Mary nwere tebụl.
general,Now Mary really has a table. again.,Mary nwere tebụl.
business,Kindly The trader really visited Nigeria. immediately.,Onye ahịa gara Naịjirịa.
agriculture,Please The farmer always planted yam. immediately.,Onye ọrụ ugbo kụrụ ji.
technology,Now The software really is new. immediately.,sọftụwia ahụ dị ọhụrụ.
food,Peter often ate soup.,Peter riri ofe.
education,Now The student really is open. carefully.,nwa akwụkwọ meghere.
business,Grace sold the phone.,Grace rere ekwentị.
business,Grace really sold the phone. again.,Grace rere ekwentị.
government,Please The election was peaceful. immediately.,Ntuli aka gara nke ọma.
weather,Today The storm sometimes is changing. today.,oke ifufe na-agbanwe.
health,Quickly Emeka has fever. carefully.,Emeka nwere ahụ ọkụ.
government,Now The election was peaceful. immediately.,Ntuli aka gara nke ọma.
government,Today The election was peaceful. today.,Ntuli aka gara nke ọma.
general,The chair is fast.,oche ahụ dị ngwa ngwa.
general,Please The sometimes chair is fast. again.,oche ahụ dị ngwa ngwa.
technology,Grace uses a mouse.,Grace na-eji maụs.
technology,Kindly Grace always uses a mouse. carefully.,Grace na-eji maụs.
food,David cooked garri.,David siri garri.
food,Tomorrow David very cooked garri. carefully.,David siri garri.
education,Tomorrow The student often is open.,nwa akwụkwọ meghere.
food,Please Grace sometimes cooked garri.,Grace siri garri.
transportation,Kindly The motorcycle often arrived early. today.,ọkada rutere n'oge.
technology,Please The always computer is new.,kọmputa ahụ dị ọhụrụ.
food,Tomorrow Obinna always cooked cassava. today.,Obinna siri akpụ.
education,Kindly Every tailor always needs education. carefully.,onye akwa niile chọrọ agụmakwụkwọ.
transportation,Now The always road arrived early. immediately.,ụzọ rutere n'oge.
agriculture,Please The farmer often planted pepper. immediately.,Onye ọrụ ugbo kụrụ ose.
health,Quickly John visited often the hospital today. carefully.,John gara ụlọ ọgwụ taa.
education,Please The student always is open. now.,nwa akwụkwọ meghere.
general,Ada is a teacher.,Ada bụ onye nkuzi.
general,Now Ada really is a teacher. now.,Ada bụ onye nkuzi.
business,John bought beans.,John zụtara agwa.
business,John sometimes bought beans.,John zụtara agwa.
transportation,Please The sometimes motorcycle arrived early. today.,ọkada rutere n'oge.
technology,John repaired the hardware.,John rụziri họdụwia.
technology,Quickly John repaired often the hardware.,John rụziri họdụwia.
food,Now rice sometimes tastes good. immediately.,osikapa na-atọ ụtọ.
transportation,Chioma boarded a bicycle.,Chioma banyere igwe kwụ otu ebe.
transportation,Kindly Chioma boarded sometimes a bicycle. immediately.,Chioma banyere igwe kwụ otu ebe.
business,Kindly Ada always sold the computer. today.,Ada rere kọmputa.
general,Peter is a teacher.,Peter bụ onye nkuzi.
general,Quickly Peter very is a teacher. today.,Peter bụ onye nkuzi.
education,Emeka studies in the student. again.,Emeka na-amụ na nwa akwụkwọ.
education,Please Chinedu very studies in the library. again.,Chinedu na-amụ na ọba akwụkwọ.
government,Emeka met the senator.,Emeka zutere senetọ.
government,Quickly Emeka sometimes met the senator. now.,Emeka zutere senetọ.
government,Quickly The election very was peaceful. immediately.,Ntuli aka gara nke ọma.
technology,Please The very database is new. immediately.,ụlọ nchekwa data ahụ dị ọhụrụ.
government,Kindly The election often was peaceful. again.,Ntuli aka gara nke ọma.
weather,Quickly There really is weather today.,ihu igwe dị taa.
technology,Mary repaired the keyboard.,Mary rụziri kiibọdụ.
technology,Quickly Mary often repaired the keyboard. immediately.,Mary rụziri kiibọdụ.
technology,Tomorrow Emeka often uses a computer. immediately.,Emeka na-eji kọmputa.
education,Every soldier needs education.,onye agha niile chọrọ agụmakwụkwọ.
education,Kindly Every soldier very needs education. immediately.,onye agha niile chọrọ agụmakwụkwọ.
health,Please The doctor often treated malaria. today.,Dọkịta gwọrọ iba.
health,Mary has typhoid.,Mary nwere taịfọd.
health,Please Mary always has typhoid. immediately.,Mary nwere taịfọd.
general,Chioma sometimes lives in Abuja. again.,Chioma bi na Abuja.
health,Now The doctor often treated cholera.,Dọkịta gwọrọ kọlera.
technology,Grace uses a keyboard.,Grace na-eji kiibọdụ.
technology,Please Grace uses very a keyboard. today.,Grace na-eji kiibọdụ.
food,Chioma cooked bread.,Chioma siri achịcha.
food,Please Chioma often cooked bread. immediately.,Chioma siri achịcha.
transportation,Please John always travelled to Lagos. today.,John gara Lagos.
weather,Kindly There often is rain today. today.,mmiri ozuzo dị taa.
transportation,Now Emeka very boarded a road.,Emeka banyere ụzọ.
education,Tomorrow Every soldier really needs education. now.,onye agha niile chọrọ agụmakwụkwọ.
transportation,Today The bus sometimes arrived early. immediately.,bọs rutere n'oge.
technology,Today The sometimes website is new. now.,weebụsaịtị ahụ dị ọhụrụ.
weather,Tomorrow The wind always is changing.,ifufe na-agbanwe.
weather,Ada likes the rain.,Ada hụrụ mmiri ozuzo n'anya.
weather,Tomorrow Ada likes often the rain. now.,Ada hụrụ mmiri ozuzo n'anya.
agriculture,Grace harvested cassava.,Grace kpọrọ akpụ.
agriculture,Quickly Grace always harvested cassava.,Grace kpọrọ akpụ.
general,John has a computer.,John nwere kọmputa.
general,Now John has really a computer. immediately.,John nwere kọmputa.
health,Please David often has fever. carefully.,David nwere ahụ ọkụ.
government,Kindly The election sometimes announced a meeting. immediately.,ntuli aka kwupụtara nzukọ.
education,Now The school really is open. today.,ụlọ akwụkwọ meghere.
agriculture,Obinna harvested yam.,Obinna kpọrọ ji.
agriculture,Obinna sometimes harvested yam. carefully.,Obinna kpọrọ ji.
general,Peter lives really in Lagos. now.,Peter bi na Lagos.
education,Now Every mechanic sometimes needs education. immediately.,onye nrụzi ụgbọala niile chọrọ agụmakwụkwọ.
weather,Quickly Mary likes really the weather. again.,Mary hụrụ ihu igwe n'anya.
general,Tomorrow Obinna has always a chair.,Obinna nwere oche.
government,Please The election was peaceful. today.,Ntuli aka gara nke ọma.
transportation,Kindly Obinna boarded often a car. today.,Obinna banyere ụgbọala.
government,Grace met the government.,Grace zutere gọọmenti.
government,Quickly Grace met very the government. immediately.,Grace zutere gọọmenti.
education,Chinedu studies in the examination.,Chinedu na-amụ na ule.
food,Now Chioma ate cassava. today.,Chioma riri akpụ.
general,Ada lives in Nigeria.,Ada bi na Naịjirịa.
general,Ada really lives in Nigeria. again.,Ada bi na Naịjirịa.
weather,Today There is wind today. now.,ifufe dị taa.
technology,Quickly The mouse sometimes is new. today.,maụs ahụ dị ọhụrụ.
food,Kindly David very ate yam. today.,David riri ji.
education,Today John always studies in the examination. today.,John na-amụ na ule.
business,Today Ada really sold the chair. again.,Ada rere oche.
government,Today The election always was peaceful. immediately.,Ntuli aka gara nke ọma.
general,Kindly Chinedu always works quickly. again.,Chinedu na-arụ ọrụ ngwa ngwa.
business,Grace sold the phone. today.,Grace rere ekwentị.
technology,Kindly The always software is new. now.,sọftụwia ahụ dị ọhụrụ.
agriculture,Quickly Obinna sometimes harvested rice. immediately.,Obinna kpọrọ osikapa.
technology,David uses always a computer.,David na-eji kọmputa.
government,Please The always senator announced a meeting. now.,senetọ kwupụtara nzukọ.
technology,Chioma repaired the computer.,Chioma rụziri kọmputa.
technology,Tomorrow Chioma repaired always the computer. immediately.,Chioma rụziri kọmputa.
education,Kindly The teacher often is open. now.,onye nkuzi meghere.
general,Mary will eat tomorrow.,Mary ga rie echi.
general,Kindly Mary really will eat tomorrow. carefully.,Mary ga rie echi.
education,Ada studies in the assignment.,Ada na-amụ na ọrụ ụlọ.
education,Kindly Ada studies in the assignment. carefully.,Ada na-amụ na ọrụ ụlọ.
weather,Ada likes the storm.,Ada hụrụ oke ifufe n'anya.
weather,Kindly Ada always likes the storm. immediately.,Ada hụrụ oke ifufe n'anya.
general,Chinedu will write tomorrow.,Chinedu ga dee echi.
general,Chinedu will really write tomorrow. now.,Chinedu ga dee echi.
general,Grace lives in Enugu.,Grace bi na Enugu.
general,Grace very lives in Enugu. today.,Grace bi na Enugu.
agriculture,pepper often grows well. immediately.,ose na-eto nke ọma.
business,Please The trader visited Lagos. immediately.,Onye ahịa gara Lagos.
education,Grace studies in the classroom.,Grace na-amụ na ụlọ klas.
education,Kindly Grace studies in often the classroom. today.,Grace na-amụ na ụlọ klas.
weather,Kindly The weather always is changing. today.,ihu igwe na-agbanwe.
general,John will buy tomorrow.,John ga zụ echi.
general,Now John often will buy tomorrow. immediately.,John ga zụ echi.
weather,Chioma always likes the storm. today.,Chioma hụrụ oke ifufe n'anya.
transportation,Kindly Ada travelled often to Kano. again.,Ada gara Kano.
food,Now meat tastes good. today.,anụ na-atọ ụtọ.
transportation,Peter boarded a bicycle.,Peter banyere igwe kwụ otu ebe.
transportation,Please Peter boarded very a bicycle. again.,Peter banyere igwe kwụ otu ebe.
general,Peter has a computer.,Peter nwere kọmputa.
general,Now Peter sometimes has a computer. now.,Peter nwere kọmputa.
education,Tomorrow Emeka very studies in the library. now.,Emeka na-amụ na ọba akwụkwọ.
business,Today The often trader visited Enugu. now.,Onye ahịa gara Enugu.
food,Obinna cooked egg.,Obinna siri akwa.
food,Obinna very cooked egg. carefully.,Obinna siri akwa.
business,Quickly Chinedu very bought egg.,Chinedu zụtara akwa.
education,Today Mary studies in really the library. today.,Mary na-amụ na ọba akwụkwọ.
agriculture,Peter harvested cassava.,Peter kpọrọ akpụ.
agriculture,Quickly Peter very harvested cassava. now.,Peter kpọrọ akpụ.
weather,Kindly There is often wind today. immediately.,ifufe dị taa.
government,Please The very election announced a meeting. carefully.,ntuli aka kwupụtara nzukọ.
government,Now The really governor announced a meeting. today.,gọvanọ kwupụtara nzukọ.
government,Today The minister announced a meeting. again.,mịnista kwupụtara nzukọ.
weather,John likes the rain.,John hụrụ mmiri ozuzo n'anya.
weather,Kindly John likes always the rain. again.,John hụrụ mmiri ozuzo n'anya.
food,Mary ate bread.,Mary riri achịcha.
food,Mary often ate bread.,Mary riri achịcha.
agriculture,The always farmer planted rice. immediately.,Onye ọrụ ugbo kụrụ osikapa.
technology,Chinedu uses a website.,Chinedu na-eji weebụsaịtị.
technology,Kindly Chinedu uses always a website. now.,Chinedu na-eji weebụsaịtị.
food,Ada ate fish.,Ada riri azụ.
food,Kindly Ada ate fish. today.,Ada riri azụ.
food,Chioma ate fish.,Chioma riri azụ.
food,Now Chioma always ate fish. immediately.,Chioma riri azụ.
business,Chioma sold the table.,Chioma rere tebụl.
business,Tomorrow Chioma sold often the table. today.,Chioma rere tebụl.
education,Now Every very doctor needs education. again.,dọkịta niile chọrọ agụmakwụkwọ.
agriculture,Kindly Mary harvested tomato. immediately.,Mary kpọrọ tomato.
health,The doctor treated diabetes. carefully.,Dọkịta gwọrọ shuga.
general,Quickly The table always is new. immediately.,tebụl ahụ dị ọhụrụ.
transportation,Grace travelled to Abuja.,Grace gara Abuja.
transportation,Today Grace really travelled to Abuja. again.,Grace gara Abuja.
education,Grace studies in the examination.,Grace na-amụ na ule.
education,Today Grace studies in the examination. carefully.,Grace na-amụ na ule.
transportation,Kindly The road really arrived early. immediately.,ụzọ rutere n'oge.
business,Emeka sold the bag.,Emeka rere akpa.
business,Tomorrow Emeka often sold the bag. carefully.,Emeka rere akpa.
business,Chinedu sold the table.,Chinedu rere tebụl.
business,Today Chinedu sold sometimes the table. today.,Chinedu rere tebụl.
transportation,Now Mary boarded a bus. again.,Mary banyere bọs.
agriculture,Quickly The farmer planted vegetable. today.,Onye ọrụ ugbo kụrụ akwukwo nri.
health,Quickly Emeka really has typhoid. again.,Emeka nwere taịfọd.
education,Chinedu studies in the student.,Chinedu na-amụ na nwa akwụkwọ.
education,Tomorrow Chinedu often studies in the student.,Chinedu na-amụ na nwa akwụkwọ.
weather,John likes the wind.,John hụrụ ifufe n'anya.
weather,Tomorrow John sometimes likes the wind. again.,John hụrụ ifufe n'anya.
technology,Mary repaired the hardware.,Mary rụziri họdụwia.
technology,Today Mary repaired the hardware. today.,Mary rụziri họdụwia.
education,Now Every teacher often needs education. again.,onye nkuzi niile chọrọ agụmakwụkwọ.
agriculture,Kindly cocoyam really grows well. immediately.,ede na-eto nke ọma.
technology,Chinedu repaired the website.,Chinedu rụziri weebụsaịtị.
technology,Please Chinedu repaired the website. immediately.,Chinedu rụziri weebụsaịtị.
business,Quickly The trader really visited Kano. today.,Onye ahịa gara Kano.
government,Please The often election was peaceful. now.,Ntuli aka gara nke ọma.
health,Kindly The really doctor treated flu. carefully.,Dọkịta gwọrọ oyi.
general,Quickly John very lives in Enugu. carefully.,John bi na Enugu.
business,Tomorrow Obinna often bought soup.,Obinna zụtara ofe.
transportation,Please The always bus arrived early. carefully.,bọs rutere n'oge.
government,Tomorrow The election sometimes was peaceful. immediately.,Ntuli aka gara nke ọma.
weather,Kindly There is sometimes cloud today. now.,igwe ojii dị taa.
business,Today Peter sold very the bag. today.,Peter rere akpa.
education,Kindly The sometimes teacher is open.,onye nkuzi meghere.
food,Tomorrow yam really tastes good. today.,ji na-atọ ụtọ.
weather,Please There is always rain today. immediately.,mmiri ozuzo dị taa.
agriculture,Now rice often grows well.,osikapa na-eto nke ọma.
general,Obinna is a electrician.,Obinna bụ onye ọkụ eletrik.
general,Please Obinna very is a electrician.,Obinna bụ onye ọkụ eletrik.
health,Quickly Chioma visited the sometimes hospital today. carefully.,Chioma gara ụlọ ọgwụ taa.
food,David cooked beans.,David siri agwa.
food,Quickly David often cooked beans. now.,David siri agwa.
health,Now The very doctor treated malaria. immediately.,Dọkịta gwọrọ iba.
agriculture,Today The farmer very planted cassava. again.,Onye ọrụ ugbo kụrụ akpụ.
technology,Today The really database is new. again.,ụlọ nchekwa data ahụ dị ọhụrụ.
government,Quickly Peter met the president. immediately.,Peter zutere onye isi ala.
agriculture,Today cocoyam very grows well. now.,ede na-eto nke ọma.
weather,Today The weather really is changing. carefully.,ihu igwe na-agbanwe.
health,Tomorrow The doctor treated fever. again.,Dọkịta gwọrọ ahụ ọkụ.
technology,Today The keyboard is new. now.,kiibọdụ ahụ dị ọhụrụ.
technology,Please The mouse is new. now.,maụs ahụ dị ọhụrụ.
business,Chinedu bought beans.,Chinedu zụtara agwa.
business,Now Chinedu sometimes bought beans. now.,Chinedu zụtara agwa.
health,Now Emeka visited very the hospital today.,Emeka gara ụlọ ọgwụ taa.
agriculture,The really farmer planted rice. today.,Onye ọrụ ugbo kụrụ osikapa.
business,Tomorrow Mary sold really the computer. today.,Mary rere kọmputa.
technology,Today John repaired always the database. again.,John rụziri ụlọ nchekwa data.
general,Chioma works slowly.,Chioma na-arụ ọrụ nwayọọ.
general,Kindly Chioma sometimes works slowly. again.,Chioma na-arụ ọrụ nwayọọ.
general,David is really a teacher. again.,David bụ onye nkuzi.
technology,Today Chinedu repaired very the hardware. now.,Chinedu rụziri họdụwia.
general,Emeka has a car.,Emeka nwere ụgbọala.
general,Please Emeka very has a car. carefully.,Emeka nwere ụgbọala.
education,Please Grace studies always in the assignment. carefully.,Grace na-amụ na ọrụ ụlọ.
government,The senator always announced a meeting. carefully.,senetọ kwupụtara nzukọ.
health,Mary has malaria.,Mary nwere iba.
health,Today Mary very has malaria.,Mary nwere iba.
business,Obinna bought rice.,Obinna zụtara osikapa.
business,Quickly Obinna always bought rice. now.,Obinna zụtara osikapa.
agriculture,The sometimes farmer planted maize. again.,Onye ọrụ ugbo kụrụ ọka.
general,The bag is big.,akpa ahụ dị ukwu.
general,Today The always bag is big. today.,akpa ahụ dị ukwu.
technology,Grace uses really a mouse. now.,Grace na-eji maụs.
health,Chioma has cholera.,Chioma nwere kọlera.
health,Now Chioma very has cholera. today.,Chioma nwere kọlera.
food,Kindly egg sometimes tastes good. immediately.,akwa na-atọ ụtọ.
transportation,Kindly Obinna boarded often a airport. today.,Obinna banyere ọdụ ụgbọ elu.
health,Grace has typhoid.,Grace nwere taịfọd.
health,Please Grace has typhoid. now.,Grace nwere taịfọd.
general,David lives in Abuja.,David bi na Abuja.
general,Kindly David sometimes lives in Abuja. immediately.,David bi na Abuja.
technology,David repaired the database.,David rụziri ụlọ nchekwa data.
technology,Please David repaired very the database. immediately.,David rụziri ụlọ nchekwa data.
government,Ada met the election.,Ada zutere ntuli aka.
government,Quickly Ada always met the election. immediately.,Ada zutere ntuli aka.
general,Kindly Obinna lives very in Kano. carefully.,Obinna bi na Kano.
weather,Today Mary likes always the weather. again.,Mary hụrụ ihu igwe n'anya.
business,Mary bought meat.,Mary zụtara anụ.
business,Please Mary very bought meat. immediately.,Mary zụtara anụ.
weather,Kindly The sun very is changing. today.,anwụ na-agbanwe.
business,The very trader visited Enugu. immediately.,Onye ahịa gara Enugu.
business,Grace bought bread.,Grace zụtara achịcha.
business,Grace very bought bread. now.,Grace zụtara achịcha.
weather,There is sometimes storm today. today.,oke ifufe dị taa.
food,Tomorrow meat often tastes good. again.,anụ na-atọ ụtọ.
general,Quickly Emeka often lives in Kano. immediately.,Emeka bi na Kano.
food,Tomorrow bread very tastes good. immediately.,achịcha na-atọ ụtọ.
health,Ada has typhoid.,Ada nwere taịfọd.
health,Please Ada always has typhoid. again.,Ada nwere taịfọd.
general,Emeka has a book.,Emeka nwere akwụkwọ.
general,Now Emeka has a book. immediately.,Emeka nwere akwụkwọ.
general,Please Peter will write tomorrow. now.,Peter ga dee echi.
food,Obinna ate egg.,Obinna riri akwa.
food,Please Obinna often ate egg. immediately.,Obinna riri akwa.
health,Tomorrow Peter visited the hospital today. immediately.,Peter gara ụlọ ọgwụ taa.
food,Now beans tastes good. today.,agwa na-atọ ụtọ.
government,Please The really election announced a meeting.,ntuli aka kwupụtara nzukọ.
education,The student always is open.,nwa akwụkwọ meghere.
weather,Please The sometimes cloud is changing.,igwe ojii na-agbanwe.
business,Kindly Grace really bought yam.,Grace zụtara ji.
education,Kindly Every tailor needs education. again.,onye akwa niile chọrọ agụmakwụkwọ.
food,beans really tastes good. now.,agwa na-atọ ụtọ.
general,David will go tomorrow.,David ga gaa echi.
general,David very will go tomorrow. today.,David ga gaa echi.
agriculture,Ada harvested rice.,Ada kpọrọ osikapa.
agriculture,Quickly Ada really harvested rice. immediately.,Ada kpọrọ osikapa.
weather,Quickly The storm is changing. now.,oke ifufe na-agbanwe.
government,Kindly The election very was peaceful. again.,Ntuli aka gara nke ọma.
general,Chioma is always a doctor. carefully.,Chioma bụ dọkịta.
education,Tomorrow Every farmer really needs education. again.,onye ọrụ ugbo niile chọrọ agụmakwụkwọ.
government,Tomorrow The often election was peaceful. now.,Ntuli aka gara nke ọma.
general,Emeka works slowly.,Emeka na-arụ ọrụ nwayọọ.
general,Emeka really works slowly. carefully.,Emeka na-arụ ọrụ nwayọọ.
education,Now Every mechanic often needs education. again.,onye nrụzi ụgbọala niile chọrọ agụmakwụkwọ.
health,Kindly The doctor always treated typhoid.,Dọkịta gwọrọ taịfọd.
government,Now The very election was peaceful. carefully.,Ntuli aka gara nke ọma.
transportation,Ada travelled to Lagos.,Ada gara Lagos.
transportation,Now Ada travelled really to Lagos. again.,Ada gara Lagos.
agriculture,John harvested tomato.,John kpọrọ tomato.
agriculture,Quickly John sometimes harvested tomato.,John kpọrọ tomato.
agriculture,Please cassava very grows well. today.,akpụ na-eto nke ọma.
general,Today Ada works carefully. today.,Ada na-arụ ọrụ nlezianya.
health,John has diabetes.,John nwere shuga.
health,Quickly John very has diabetes. again.,John nwere shuga.
health,Obinna visited really the hospital today. immediately.,Obinna gara ụlọ ọgwụ taa.
education,Now Chinedu studies in always the student. immediately.,Chinedu na-amụ na nwa akwụkwọ.
agriculture,Tomorrow cocoyam really grows well.,ede na-eto nke ọma.
business,Grace sold the computer.,Grace rere kọmputa.
business,Now Grace often sold the computer. today.,Grace rere kọmputa.
agriculture,Tomorrow Chinedu really harvested vegetable. again.,Chinedu kpọrọ akwukwo nri.
weather,Now Ada likes sometimes the rain. now.,Ada hụrụ mmiri ozuzo n'anya.
health,Please The doctor often treated malaria. carefully.,Dọkịta gwọrọ iba.
transportation,Please The always bus arrived early. today.,bọs rutere n'oge.
general,The car is small.,ụgbọala ahụ dị obere.
general,Please The really car is small. again.,ụgbọala ahụ dị obere.
transportation,Obinna travelled to Enugu.,Obinna gara Enugu.
transportation,Please Obinna travelled to Enugu. immediately.,Obinna gara Enugu.
general,Kindly Obinna sometimes is a driver. now.,Obinna bụ onye ọkwọ ụgbọala.
food,Quickly Grace really cooked soup. carefully.,Grace siri ofe.
business,Today The trader visited Onitsha.,Onye ahịa gara Ọnịcha.
transportation,Please The car sometimes arrived early. immediately.,ụgbọala rutere n'oge.
education,Today Every often trader needs education.,onye ahịa niile chọrọ agụmakwụkwọ.
transportation,Tomorrow Emeka often travelled to Kano. carefully.,Emeka gara Kano.
weather,The often wind is changing. again.,ifufe na-agbanwe.
government,Quickly The always election was peaceful. immediately.,Ntuli aka gara nke ọma.
transportation,Tomorrow The airport sometimes arrived early. immediately.,ọdụ ụgbọ elu rutere n'oge.
transportation,Tomorrow Grace boarded always a road. now.,Grace banyere ụzọ.
business,Obinna bought yam.,Obinna zụtara ji.
business,Please Obinna very bought yam. today.,Obinna zụtara ji.
technology,The always hardware is new. immediately.,họdụwia ahụ dị ọhụrụ.
business,Mary bought soup.,Mary zụtara ofe.
business,Mary sometimes bought soup. again.,Mary zụtara ofe.
business,Chinedu sold the chair.,Chinedu rere oche.
business,Tomorrow Chinedu sometimes sold the chair. now.,Chinedu rere oche.
transportation,Now The sometimes bus arrived early. carefully.,bọs rutere n'oge.
education,Quickly The student really is open. again.,nwa akwụkwọ meghere.
general,Now The sometimes table is small.,tebụl ahụ dị obere.
business,Quickly The trader often visited Enugu. immediately.,Onye ahịa gara Enugu.
technology,Quickly The website is new. immediately.,weebụsaịtị ahụ dị ọhụrụ.
government,Grace sometimes met the president. again.,Grace zutere onye isi ala.
transportation,Chinedu really boarded a motorcycle.,Chinedu banyere ọkada.
transportation,Peter travelled to Lagos.,Peter gara Lagos.
transportation,Today Peter travelled to Lagos. immediately.,Peter gara Lagos.
technology,Please Emeka really uses a website. immediately.,Emeka na-eji weebụsaịtị.
general,Today The always car is old. carefully.,ụgbọala ahụ dị ochie.
education,Now The classroom always is open. immediately.,ụlọ klas meghere.
general,John lives in Enugu. carefully.,John bi na Enugu.
business,Ada bought egg.,Ada zụtara akwa.
business,Ada always bought egg. carefully.,Ada zụtara akwa.
technology,Chioma uses a internet.,Chioma na-eji ịntanet.
technology,Now Chioma uses a internet. carefully.,Chioma na-eji ịntanet.
business,Please The trader visited Enugu.,Onye ahịa gara Enugu.
technology,John repaired the keyboard.,John rụziri kiibọdụ.
technology,Please John really repaired the keyboard.,John rụziri kiibọdụ.
weather,Now The really rain is changing.,mmiri ozuzo na-agbanwe.
weather,Tomorrow The wind is changing.,ifufe na-agbanwe.
business,John sold the phone.,John rere ekwentị.
business,Tomorrow John sold sometimes the phone. immediately.,John rere ekwentị.
transportation,Tomorrow David boarded a car. today.,David banyere ụgbọala.
general,David has a car.,David nwere ụgbọala.
general,Now David has a car. immediately.,David nwere ụgbọala.
transportation,John travelled to Owerri.,John gara Owerri.
transportation,John really travelled to Owerri. immediately.,John gara Owerri.
agriculture,Quickly cocoyam really grows well. today.,ede na-eto nke ọma.
weather,Today The rain is changing. carefully.,mmiri ozuzo na-agbanwe.
food,Ada cooked egg.,Ada siri akwa.
food,Quickly Ada really cooked egg. carefully.,Ada siri akwa.
government,Today The government announced a meeting. now.,gọọmenti kwupụtara nzukọ.
transportation,Quickly Chinedu boarded always a airport. today.,Chinedu banyere ọdụ ụgbọ elu.
government,Kindly The election sometimes was peaceful.,Ntuli aka gara nke ọma.
food,Tomorrow yam sometimes tastes good. today.,ji na-atọ ụtọ.
business,Kindly The trader visited Enugu. immediately.,Onye ahịa gara Enugu.
agriculture,Quickly maize grows well. today.,ọka na-eto nke ọma.
education,Tomorrow Obinna very studies in the teacher. carefully.,Obinna na-amụ na onye nkuzi.
technology,Today The very hardware is new. again.,họdụwia ahụ dị ọhụrụ.
agriculture,Kindly The farmer always planted yam. immediately.,Onye ọrụ ugbo kụrụ ji.
technology,Chinedu uses a software.,Chinedu na-eji sọftụwia.
technology,Please Chinedu really uses a software. now.,Chinedu na-eji sọftụwia.
food,Mary cooked meat.,Mary siri anụ.
food,Please Mary sometimes cooked meat. carefully.,Mary siri anụ.
health,Today John visited the always hospital today. now.,John gara ụlọ ọgwụ taa.
transportation,Grace travelled to Nigeria.,Grace gara Naịjirịa.
transportation,Kindly Grace sometimes travelled to Nigeria. immediately.,Grace gara Naịjirịa.
government,Grace met the senator.,Grace zutere senetọ.
government,Tomorrow Grace sometimes met the senator. now.,Grace zutere senetọ.
technology,Tomorrow The internet is new.,ịntanet ahụ dị ọhụrụ.
business,David sold the book.,David rere akwụkwọ.
business,Quickly David sold sometimes the book. again.,David rere akwụkwọ.
agriculture,Kindly The sometimes farmer planted maize. carefully.,Onye ọrụ ugbo kụrụ ọka.
weather,Now There is very weather today. again.,ihu igwe dị taa.
food,Now Chioma really cooked soup. immediately.,Chioma siri ofe.
food,Chinedu cooked soup.,Chinedu siri ofe.
food,Kindly Chinedu often cooked soup. immediately.,Chinedu siri ofe.
general,Emeka has a chair.,Emeka nwere oche.
general,Please Emeka often has a chair. carefully.,Emeka nwere oche.
education,Now Chioma studies in really the examination. immediately.,Chioma na-amụ na ule.
agriculture,Now maize really grows well. again.,ọka na-eto nke ọma.
health,Now The doctor often treated flu. again.,Dọkịta gwọrọ oyi.
education,Tomorrow Emeka studies often in the teacher. today.,Emeka na-amụ na onye nkuzi.
food,Kindly egg really tastes good. immediately.,akwa na-atọ ụtọ.
technology,Chioma uses a mouse.,Chioma na-eji maụs.
technology,Kindly Chioma uses always a mouse. carefully.,Chioma na-eji maụs.
government,Today The very senator announced a meeting. immediately.,senetọ kwupụtara nzukọ.
business,Today The trader really visited Onitsha.,Onye ahịa gara Ọnịcha.
general,Kindly The computer always is small. today.,kọmputa ahụ dị obere.
health,Quickly John really has diabetes. today.,John nwere shuga.
technology,Ada repaired the keyboard.,Ada rụziri kiibọdụ.
technology,Tomorrow Ada often repaired the keyboard. today.,Ada rụziri kiibọdụ.
weather,Today The cloud very is changing. carefully.,igwe ojii na-agbanwe.
business,Chioma sold the computer.,Chioma rere kọmputa.
business,Today Chioma sold the computer. carefully.,Chioma rere kọmputa.
agriculture,Kindly cassava very grows well. again.,akpụ na-eto nke ọma.
health,Now Peter very has typhoid. immediately.,Peter nwere taịfọd.
business,Now The really trader visited Lagos. today.,Onye ahịa gara Lagos.
technology,Quickly The often database is new. again.,ụlọ nchekwa data ahụ dị ọhụrụ.
food,Mary cooked bread.,Mary siri achịcha.
food,Please Mary always cooked bread.,Mary siri achịcha.
technology,Tomorrow Chioma often repaired the computer. now.,Chioma rụziri kọmputa.
health,Please The doctor treated diabetes.,Dọkịta gwọrọ shuga.
agriculture,Emeka harvested tomato.,Emeka kpọrọ tomato.
agriculture,Now Emeka always harvested tomato. carefully.,Emeka kpọrọ tomato.
weather,Now There often is weather today. again.,ihu igwe dị taa.
business,Now The trader really visited Onitsha.,Onye ahịa gara Ọnịcha.
transportation,Grace boarded a bicycle.,Grace banyere igwe kwụ otu ebe.
transportation,Quickly Grace boarded sometimes a bicycle. now.,Grace banyere igwe kwụ otu ebe.
technology,Kindly Chinedu uses always a software.,Chinedu na-eji sọftụwia.
government,Mary met the governor.,Mary zutere gọvanọ.
government,Please Mary met the governor. now.,Mary zutere gọvanọ.
food,Quickly Grace really cooked meat.,Grace siri anụ.
food,Now soup really tastes good. again.,ofe na-atọ ụtọ.
education,Today Every mechanic very needs education.,onye nrụzi ụgbọala niile chọrọ agụmakwụkwọ.
government,Please Peter met the minister.,Peter zutere mịnista.
agriculture,Grace harvested pepper.,Grace kpọrọ ose.
agriculture,Grace often harvested pepper. now.,Grace kpọrọ ose.
education,Quickly Every tailor always needs education. now.,onye akwa niile chọrọ agụmakwụkwọ.
technology,Quickly Chioma uses always a computer. today.,Chioma na-eji kọmputa.
transportation,Emeka travelled to Owerri.,Emeka gara Owerri.
transportation,Now Emeka travelled to Owerri. immediately.,Emeka gara Owerri.
education,Quickly Every always doctor needs education. immediately.,dọkịta niile chọrọ agụmakwụkwọ.
health,Kindly The very doctor treated flu. immediately.,Dọkịta gwọrọ oyi.
business,David sold the bag. again.,David rere akpa.
transportation,Tomorrow Chinedu boarded always a airport. now.,Chinedu banyere ọdụ ụgbọ elu.
health,Today The doctor sometimes treated diabetes. carefully.,Dọkịta gwọrọ shuga.
weather,Tomorrow The sometimes cloud is changing.,igwe ojii na-agbanwe.
food,Please Grace often cooked garri. now.,Grace siri garri.
food,Obinna ate garri.,Obinna riri garri.
food,Kindly Obinna sometimes ate garri.,Obinna riri garri.
education,Please Peter studies in the student. again.,Peter na-amụ na nwa akwụkwọ.
health,Today Grace really has malaria. again.,Grace nwere iba.
health,Quickly John really has diabetes. carefully.,John nwere shuga.
weather,Today The cloud often is changing. now.,igwe ojii na-agbanwe.
agriculture,Now cassava very grows well.,akpụ na-eto nke ọma.
transportation,Today John sometimes boarded a motorcycle. carefully.,John banyere ọkada.
business,Quickly The sometimes trader visited Owerri. now.,Onye ahịa gara Owerri.
food,Emeka cooked cassava.,Emeka siri akpụ.
food,Now Emeka cooked cassava. today.,Emeka siri akpụ.
transportation,John travelled to Onitsha.,John gara Ọnịcha.
transportation,Now John very travelled to Onitsha.,John gara Ọnịcha.
weather,Quickly The sun sometimes is changing.,anwụ na-agbanwe.
agriculture,Kindly vegetable always grows well. immediately.,akwukwo nri na-eto nke ọma.
food,Tomorrow John often cooked fish.,John siri azụ.
food,Kindly Emeka often ate beans. now.,Emeka riri agwa.
transportation,The bus arrived early. today.,bọs rutere n'oge.
general,Obinna is a teacher.,Obinna bụ onye nkuzi.
general,Now Obinna is a teacher. carefully.,Obinna bụ onye nkuzi.
weather,Please Obinna often likes the sun. immediately.,Obinna hụrụ anwụ n'anya.
weather,Kindly The sun is changing. carefully.,anwụ na-agbanwe.
technology,Grace uses a website.,Grace na-eji weebụsaịtị.
technology,Quickly Grace uses really a website. today.,Grace na-eji weebụsaịtị.
transportation,Now The always car arrived early. now.,ụgbọala rutere n'oge.
government,Mary met the election.,Mary zutere ntuli aka.
government,Quickly Mary often met the election.,Mary zutere ntuli aka.
food,Kindly garri very tastes good. carefully.,garri na-atọ ụtọ.
agriculture,The very farmer planted yam. again.,Onye ọrụ ugbo kụrụ ji.
agriculture,Ada harvested cassava.,Ada kpọrọ akpụ.
agriculture,Kindly Ada often harvested cassava.,Ada kpọrọ akpụ.
health,Please Chinedu visited sometimes the hospital today.,Chinedu gara ụlọ ọgwụ taa.
technology,Tomorrow The keyboard very is new. today.,kiibọdụ ahụ dị ọhụrụ.
weather,Kindly There is often cloud today. immediately.,igwe ojii dị taa.
health,Chioma always has typhoid. today.,Chioma nwere taịfọd.
education,Today The examination always is open. carefully.,ule meghere.
health,Ada has flu.,Ada nwere oyi.
health,Now Ada always has flu. carefully.,Ada nwere oyi.
health,Tomorrow Obinna sometimes has cholera. now.,Obinna nwere kọlera.
government,Today The president announced very a meeting. carefully.,onye isi ala kwupụtara nzukọ.
health,Today The doctor often treated fever. now.,Dọkịta gwọrọ ahụ ọkụ.
education,Today Emeka studies often in the teacher. today.,Emeka na-amụ na onye nkuzi.
technology,Quickly The mouse often is new. now.,maụs ahụ dị ọhụrụ.
agriculture,Kindly Emeka always harvested cocoyam. now.,Emeka kpọrọ ede.
food,Quickly Chinedu really ate bread. carefully.,Chinedu riri achịcha.
food,Chinedu cooked beans.,Chinedu siri agwa.
food,Please Chinedu often cooked beans.,Chinedu siri agwa.
business,Today The trader visited Onitsha. today.,Onye ahịa gara Ọnịcha.
weather,Now There is sometimes cloud today. again.,igwe ojii dị taa.
general,Emeka is a programmer.,Emeka bụ onye mmemme kọmputa.
general,Quickly Emeka really is a programmer. now.,Emeka bụ onye mmemme kọmputa.
transportation,Today Grace sometimes travelled to Owerri. now.,Grace gara Owerri.
education,Quickly The really assignment is open. carefully.,ọrụ ụlọ meghere.
health,Now The sometimes doctor treated flu.,Dọkịta gwọrọ oyi.
health,Now Emeka visited very the hospital today. carefully.,Emeka gara ụlọ ọgwụ taa.
transportation,Quickly The road often arrived early.,ụzọ rutere n'oge.
technology,Quickly The always keyboard is new.,kiibọdụ ahụ dị ọhụrụ.
technology,Quickly Obinna often repaired the database. now.,Obinna rụziri ụlọ nchekwa data.
food,Ada cooked garri.,Ada siri garri.
food,Today Ada sometimes cooked garri. today.,Ada siri garri.
food,Obinna ate rice.,Obinna riri osikapa.
food,Kindly Obinna ate rice. today.,Obinna riri osikapa.
health,Kindly The doctor really treated diabetes. now.,Dọkịta gwọrọ shuga.
general,Today Peter always will write tomorrow. immediately.,Peter ga dee echi.
business,John sold the bag.,John rere akpa.
business,Kindly John sold often the bag. immediately.,John rere akpa.
weather,Please There is really wind today. immediately.,ifufe dị taa.
business,Quickly The trader very visited Enugu. carefully.,Onye ahịa gara Enugu.
business,Ada sold the book.,Ada rere akwụkwọ.
business,Kindly Ada sold really the book.,Ada rere akwụkwọ.
food,Chioma ate rice.,Chioma riri osikapa.
food,Please Chioma ate rice.,Chioma riri osikapa.
general,Emeka lives in Lagos.,Emeka bi na Lagos.
general,Kindly Emeka lives always in Lagos. today.,Emeka bi na Lagos.
transportation,Mary travelled to Kano.,Mary gara Kano.
transportation,Quickly Mary travelled to Kano. carefully.,Mary gara Kano.
agriculture,Now The farmer planted cocoyam. carefully.,Onye ọrụ ugbo kụrụ ede.
government,Now The election often was peaceful. today.,Ntuli aka gara nke ọma.
government,Kindly The senator announced sometimes a meeting. today.,senetọ kwupụtara nzukọ.
government,Kindly The very senator announced a meeting. now.,senetọ kwupụtara nzukọ.
business,Quickly Emeka really bought soup. immediately.,Emeka zụtara ofe.
government,Quickly The election sometimes was peaceful. carefully.,Ntuli aka gara nke ọma.
education,Quickly Every soldier always needs education. immediately.,onye agha niile chọrọ agụmakwụkwọ.
technology,Grace repaired the internet.,Grace rụziri ịntanet.
technology,Kindly Grace repaired always the internet. again.,Grace rụziri ịntanet.
technology,Kindly Ada very uses a mouse. now.,Ada na-eji maụs.
technology,John uses a mouse.,John na-eji maụs.
technology,Please John uses really a mouse. now.,John na-eji maụs.
health,Emeka has malaria.,Emeka nwere iba.
health,Quickly Emeka very has malaria.,Emeka nwere iba.
transportation,Kindly Peter travelled really to Lagos. again.,Peter gara Lagos.
education,Quickly The really classroom is open. today.,ụlọ klas meghere.
technology,Quickly Mary repaired often the website. immediately.,Mary rụziri weebụsaịtị.
agriculture,Emeka harvested rice.,Emeka kpọrọ osikapa.
agriculture,Emeka very harvested rice. today.,Emeka kpọrọ osikapa.
agriculture,Now The sometimes farmer planted rice. now.,Onye ọrụ ugbo kụrụ osikapa.
technology,Today The mouse sometimes is new. today.,maụs ahụ dị ọhụrụ.
transportation,Grace boarded often a bicycle. now.,Grace banyere igwe kwụ otu ebe.
health,Quickly Obinna really has flu. carefully.,Obinna nwere oyi.
weather,Kindly The cloud always is changing. carefully.,igwe ojii na-agbanwe.
transportation,Grace travelled to Kano.,Grace gara Kano.
transportation,Please Grace always travelled to Kano. today.,Grace gara Kano.
transportation,Please The car very arrived early.,ụgbọala rutere n'oge.
transportation,Grace boarded a airport. carefully.,Grace banyere ọdụ ụgbọ elu.
general,Quickly The computer is new. carefully.,kọmputa ahụ dị ọhụrụ.
food,Tomorrow cassava often tastes good. immediately.,akpụ na-atọ ụtọ.
education,Quickly The assignment always is open. today.,ọrụ ụlọ meghere.
technology,Please The mouse often is new. carefully.,maụs ahụ dị ọhụrụ.
education,The student sometimes is open. today.,nwa akwụkwọ meghere.
food,Tomorrow bread very tastes good. carefully.,achịcha na-atọ ụtọ.
agriculture,Now The farmer planted maize. immediately.,Onye ọrụ ugbo kụrụ ọka.
education,David often studies in the library. today.,David na-amụ na ọba akwụkwọ.
technology,Ada always uses a internet. today.,Ada na-eji ịntanet.
weather,There always is storm today. again.,oke ifufe dị taa.
weather,Kindly There sometimes is sun today. again.,anwụ dị taa.
transportation,Kindly Grace travelled always to Abuja. carefully.,Grace gara Abuja.
business,Tomorrow Emeka really bought rice. now.,Emeka zụtara osikapa.
weather,Quickly David very likes the weather. immediately.,David hụrụ ihu igwe n'anya.
transportation,Emeka boarded very a airport. immediately.,Emeka banyere ọdụ ụgbọ elu.
weather,Peter likes the wind. again.,Peter hụrụ ifufe n'anya.
general,John will sell tomorrow.,John ga ree echi.
general,Kindly John will really sell tomorrow. carefully.,John ga ree echi.
agriculture,Ada harvested yam.,Ada kpọrọ ji.
agriculture,Ada sometimes harvested yam. now.,Ada kpọrọ ji.
technology,Now The software sometimes is new. immediately.,sọftụwia ahụ dị ọhụrụ.
food,Grace ate yam.,Grace riri ji.
food,Quickly Grace really ate yam. immediately.,Grace riri ji.
education,Kindly Every teacher needs education. now.,onye nkuzi niile chọrọ agụmakwụkwọ.
education,Now The examination very is open. now.,ule meghere.
business,Mary bought yam.,Mary zụtara ji.
business,Now Mary often bought yam. again.,Mary zụtara ji.
transportation,Today Ada really boarded a car. immediately.,Ada banyere ụgbọala.
agriculture,Today pepper sometimes grows well. again.,ose na-eto nke ọma.
food,Now Ada often ate fish. immediately.,Ada riri azụ.
food,Please cassava always tastes good. today.,akpụ na-atọ ụtọ.
agriculture,Chioma harvested vegetable.,Chioma kpọrọ akwukwo nri.
agriculture,Tomorrow Chioma really harvested vegetable. immediately.,Chioma kpọrọ akwukwo nri.
business,Tomorrow The very trader visited Abuja. again.,Onye ahịa gara Abuja.
education,Quickly Every mechanic sometimes needs education. now.,onye nrụzi ụgbọala niile chọrọ agụmakwụkwọ.
technology,Today The often website is new. immediately.,weebụsaịtị ahụ dị ọhụrụ.
general,John is a trader.,John bụ onye ahịa.
general,Today John very is a trader. carefully.,John bụ onye ahịa.
weather,Quickly There often is sun today.,anwụ dị taa.
food,Grace cooked rice.,Grace siri osikapa.
food,Please Grace really cooked rice. today.,Grace siri osikapa.
education,Now The very examination is open. again.,ule meghere.
food,Tomorrow Chioma sometimes ate cassava. again.,Chioma riri akpụ.
food,Today yam often tastes good. today.,ji na-atọ ụtọ.
transportation,Peter travelled to Abuja.,Peter gara Abuja.
transportation,Now Peter always travelled to Abuja. again.,Peter gara Abuja.
transportation,Peter boarded a motorcycle.,Peter banyere ọkada.
transportation,Kindly Peter always boarded a motorcycle. now.,Peter banyere ọkada.
food,Quickly soup really tastes good. now.,ofe na-atọ ụtọ.
weather,David likes the sun.,David hụrụ anwụ n'anya.
weather,Today David likes very the sun.,David hụrụ anwụ n'anya.
weather,Quickly There really is wind today. today.,ifufe dị taa.
education,Kindly Chioma studies in always the library. today.,Chioma na-amụ na ọba akwụkwọ.
weather,Quickly There is really weather today. now.,ihu igwe dị taa.
food,Quickly soup sometimes tastes good.,ofe na-atọ ụtọ.
agriculture,Today The very farmer planted tomato. carefully.,Onye ọrụ ugbo kụrụ tomato.
technology,Peter really repaired the computer. immediately.,Peter rụziri kọmputa.
transportation,Please Chinedu always boarded a airport.,Chinedu banyere ọdụ ụgbọ elu.
agriculture,Quickly David harvested rice. today.,David kpọrọ osikapa.
weather,Quickly The sun always is changing. immediately.,anwụ na-agbanwe.
food,Kindly cassava tastes good. immediately.,akpụ na-atọ ụtọ.
weather,Mary likes the rain.,Mary hụrụ mmiri ozuzo n'anya.
weather,Tomorrow Mary sometimes likes the rain. today.,Mary hụrụ mmiri ozuzo n'anya.
transportation,Now The bus arrived early. today.,bọs rutere n'oge.
education,Mary studies in the teacher.,Mary na-amụ na onye nkuzi.
education,Now Mary sometimes studies in the teacher. carefully.,Mary na-amụ na onye nkuzi.
food,Quickly Mary always cooked garri. immediately.,Mary siri garri.
weather,Please There often is cloud today. immediately.,igwe ojii dị taa.
education,Today The student sometimes is open. now.,nwa akwụkwọ meghere.
general,The sometimes table is new.,tebụl ahụ dị ọhụrụ.
transportation,Kindly Emeka travelled very to Owerri. now.,Emeka gara Owerri.
business,Obinna bought beans.,Obinna zụtara agwa.
business,Tomorrow Obinna very bought beans. immediately.,Obinna zụtara agwa.
agriculture,Please The farmer often planted yam. now.,Onye ọrụ ugbo kụrụ ji.
business,Grace sold the bag.,Grace rere akpa.
business,Please Grace often sold the bag. again.,Grace rere akpa.
health,Mary has fever.,Mary nwere ahụ ọkụ.
health,Today Mary often has fever. immediately.,Mary nwere ahụ ọkụ.
agriculture,Tomorrow Mary always harvested tomato. carefully.,Mary kpọrọ tomato.
government,Tomorrow Obinna met sometimes the government. again.,Obinna zutere gọọmenti.
general,Ada lives in Owerri.,Ada bi na Owerri.
general,Quickly Ada lives in Owerri. now.,Ada bi na Owerri.
agriculture,Please pepper often grows well.,ose na-eto nke ọma.
government,Please John often met the senator. carefully.,John zutere senetọ.
business,Kindly The trader always visited Onitsha. today.,Onye ahịa gara Ọnịcha.
technology,Quickly Ada uses sometimes a mouse. again.,Ada na-eji maụs.
agriculture,Quickly The very farmer planted rice. carefully.,Onye ọrụ ugbo kụrụ osikapa.
food,Chinedu ate soup.,Chinedu riri ofe.
food,Please Chinedu always ate soup.,Chinedu riri ofe.
transportation,Kindly Ada sometimes boarded a motorcycle. carefully.,Ada banyere ọkada.
education,Every electrician needs education.,onye ọkụ eletrik niile chọrọ agụmakwụkwọ.
education,Every always electrician needs education.,onye ọkụ eletrik niile chọrọ agụmakwụkwọ.
business,Please The often trader visited Owerri. again.,Onye ahịa gara Owerri.
government,Kindly The government always announced a meeting.,gọọmenti kwupụtara nzukọ.
general,Ada has a computer.,Ada nwere kọmputa.
general,Today Ada has really a computer. again.,Ada nwere kọmputa.
business,Today The trader often visited Onitsha. again.,Onye ahịa gara Ọnịcha.
health,Kindly The doctor often treated diabetes. carefully.,Dọkịta gwọrọ shuga.
business,Today The trader often visited Lagos. again.,Onye ahịa gara Lagos.
government,Ada met the government.,Ada zutere gọọmenti.
government,Today Ada always met the government.,Ada zutere gọọmenti.
food,yam tastes good. today.,ji na-atọ ụtọ.
transportation,Chinedu travelled to Lagos.,Chinedu gara Lagos.
transportation,Now Chinedu always travelled to Lagos.,Chinedu gara Lagos.
food,Peter cooked meat.,Peter siri anụ.
food,Tomorrow Peter often cooked meat. now.,Peter siri anụ.
weather,The cloud is changing. again.,igwe ojii na-agbanwe.
education,Chinedu studies in the teacher.,Chinedu na-amụ na onye nkuzi.
education,Kindly Chinedu studies in often the teacher. immediately.,Chinedu na-amụ na onye nkuzi.
business,The trader visited Enugu. today.,Onye ahịa gara Enugu.
technology,Tomorrow Emeka repaired often the internet. immediately.,Emeka rụziri ịntanet.
general,Tomorrow David lives always in Abuja. carefully.,David bi na Abuja.
agriculture,Kindly The farmer really planted vegetable.,Onye ọrụ ugbo kụrụ akwukwo nri.
general,Emeka works well.,Emeka na-arụ ọrụ nke ọma.
general,Quickly Emeka really works well. carefully.,Emeka na-arụ ọrụ nke ọma.
general,Peter is a programmer.,Peter bụ onye mmemme kọmputa.
general,Kindly Peter is a programmer. carefully.,Peter bụ onye mmemme kọmputa.
health,Quickly The doctor treated malaria. immediately.,Dọkịta gwọrọ iba.
transportation,Emeka boarded very a car. immediately.,Emeka banyere ụgbọala.
general,Chioma works carefully.,Chioma na-arụ ọrụ nlezianya.
general,Today Chioma works carefully. now.,Chioma na-arụ ọrụ nlezianya.
weather,Please The really rain is changing. again.,mmiri ozuzo na-agbanwe.
technology,Quickly Emeka uses a database. now.,Emeka na-eji ụlọ nchekwa data.
business,Quickly The trader sometimes visited Owerri. carefully.,Onye ahịa gara Owerri.
weather,Now There sometimes is rain today.,mmiri ozuzo dị taa.
transportation,Quickly Chinedu sometimes travelled to Owerri. carefully.,Chinedu gara Owerri.
general,Peter works slowly.,Peter na-arụ ọrụ nwayọọ.
general,Tomorrow Peter works slowly. immediately.,Peter na-arụ ọrụ nwayọọ.
government,Kindly The election was peaceful. now.,Ntuli aka gara nke ọma.
food,Peter cooked egg.,Peter siri akwa.
food,Please Peter really cooked egg. again.,Peter siri akwa.
general,Peter is a mechanic.,Peter bụ onye nrụzi ụgbọala.
general,Peter is sometimes a mechanic. now.,Peter bụ onye nrụzi ụgbọala.
education,Please The assignment is open.,ọrụ ụlọ meghere.
weather,Peter likes the storm.,Peter hụrụ oke ifufe n'anya.
weather,Please Peter very likes the storm. again.,Peter hụrụ oke ifufe n'anya.
government,Ada met really the election. carefully.,Ada zutere ntuli aka.
agriculture,Today cassava really grows well. immediately.,akpụ na-eto nke ọma.
business,Chioma bought garri.,Chioma zụtara garri.
business,Now Chioma often bought garri. now.,Chioma zụtara garri.
education,Quickly Peter studies in the library. now.,Peter na-amụ na ọba akwụkwọ.
business,Grace often sold the book. today.,Grace rere akwụkwọ.
technology,Quickly The mouse really is new.,maụs ahụ dị ọhụrụ.
transportation,The airport sometimes arrived early. now.,ọdụ ụgbọ elu rutere n'oge.
education,Quickly The assignment is open. again.,ọrụ ụlọ meghere.
business,Peter bought yam.,Peter zụtara ji.
business,Please Peter very bought yam.,Peter zụtara ji.
weather,Today There really is cloud today. today.,igwe ojii dị taa.
agriculture,Peter harvested cocoyam.,Peter kpọrọ ede.
agriculture,Tomorrow Peter very harvested cocoyam. immediately.,Peter kpọrọ ede.
business,Chioma bought egg.,Chioma zụtara akwa.
business,Today Chioma really bought egg. today.,Chioma zụtara akwa.
transportation,Now Peter travelled often to Owerri. today.,Peter gara Owerri.
general,Emeka has a table.,Emeka nwere tebụl.
general,Today Emeka has a table. now.,Emeka nwere tebụl.
education,Today The classroom is open. immediately.,ụlọ klas meghere.
weather,Obinna likes the weather.,Obinna hụrụ ihu igwe n'anya.
weather,Now Obinna likes the weather. today.,Obinna hụrụ ihu igwe n'anya.
health,Please The doctor often treated cholera. again.,Dọkịta gwọrọ kọlera.
education,Kindly Every trader sometimes needs education. today.,onye ahịa niile chọrọ agụmakwụkwọ.
technology,Today Emeka often uses a database. now.,Emeka na-eji ụlọ nchekwa data.
transportation,The sometimes road arrived early.,ụzọ rutere n'oge.
government,Today The president really announced a meeting. carefully.,onye isi ala kwupụtara nzukọ.
health,Please Ada visited the sometimes hospital today.,Ada gara ụlọ ọgwụ taa.
business,The trader visited Onitsha. again.,Onye ahịa gara Ọnịcha.
health,Please Peter visited the hospital today. immediately.,Peter gara ụlọ ọgwụ taa.
government,Today The election sometimes was peaceful. carefully.,Ntuli aka gara nke ọma.
food,John ate rice.,John riri osikapa.
food,Now John really ate rice. today.,John riri osikapa.
weather,Please The wind is changing. immediately.,ifufe na-agbanwe.
business,Please Ada often bought meat. carefully.,Ada zụtara anụ.
food,Kindly bread tastes good. now.,achịcha na-atọ ụtọ.
transportation,Kindly Ada really travelled to Kano.,Ada gara Kano.
government,Kindly Mary always met the minister.,Mary zutere mịnista.
agriculture,Tomorrow pepper often grows well. now.,ose na-eto nke ọma.
technology,Tomorrow The really mouse is new. carefully.,maụs ahụ dị ọhụrụ.
general,Now Grace has often a table. again.,Grace nwere tebụl.
technology,Grace repaired the computer.,Grace rụziri kọmputa.
technology,Now Grace always repaired the computer. again.,Grace rụziri kọmputa.
health,Kindly The very doctor treated flu. today.,Dọkịta gwọrọ oyi.
food,Kindly cassava very tastes good. again.,akpụ na-atọ ụtọ.
transportation,Chinedu always travelled to Nigeria.,Chinedu gara Naịjirịa.
general,The bag is fast.,akpa ahụ dị ngwa ngwa.
general,Please The sometimes bag is fast. immediately.,akpa ahụ dị ngwa ngwa.
weather,Quickly The sun is changing. again.,anwụ na-agbanwe.
weather,Now Emeka likes the weather.,Emeka hụrụ ihu igwe n'anya.
health,Now John visited the often hospital today.,John gara ụlọ ọgwụ taa.
general,Peter lives in Owerri.,Peter bi na Owerri.
general,Now Peter very lives in Owerri. immediately.,Peter bi na Owerri.
health,Now David visited the really hospital today. again.,David gara ụlọ ọgwụ taa.
government,Tomorrow Ada met the minister. now.,Ada zutere mịnista.
general,Kindly David really works carefully. again.,David na-arụ ọrụ nlezianya.
agriculture,Mary often harvested cassava. today.,Mary kpọrọ akpụ.
food,Today egg very tastes good. today.,akwa na-atọ ụtọ.
transportation,Quickly Peter always boarded a airport. again.,Peter banyere ọdụ ụgbọ elu.
general,Ada works well.,Ada na-arụ ọrụ nke ọma.
general,Please Ada works well. now.,Ada na-arụ ọrụ nke ọma.
transportation,Grace boarded a car.,Grace banyere ụgbọala.
transportation,Today Grace always boarded a car. today.,Grace banyere ụgbọala.
technology,Kindly Emeka always repaired the software.,Emeka rụziri sọftụwia.
education,Today Every tailor really needs education. now.,onye akwa niile chọrọ agụmakwụkwọ.
agriculture,The sometimes farmer planted pepper. today.,Onye ọrụ ugbo kụrụ ose.
weather,Tomorrow The sun really is changing.,anwụ na-agbanwe.
agriculture,Tomorrow Peter always harvested rice. again.,Peter kpọrọ osikapa.
general,The book is small.,akwụkwọ ahụ dị obere.
general,Quickly The book is small. again.,akwụkwọ ahụ dị obere.
education,The classroom sometimes is open.,ụlọ klas meghere.
health,Kindly The doctor always treated typhoid. now.,Dọkịta gwọrọ taịfọd.
food,Ada ate beans.,Ada riri agwa.
food,Ada very ate beans. immediately.,Ada riri agwa.
agriculture,Please The farmer often planted pepper. today.,Onye ọrụ ugbo kụrụ ose.
government,Tomorrow The government announced always a meeting.,gọọmenti kwupụtara nzukọ.
health,Ada has malaria.,Ada nwere iba.
health,Ada often has malaria. again.,Ada nwere iba.
general,Obinna has a bag.,Obinna nwere akpa.
general,Quickly Obinna has really a bag. immediately.,Obinna nwere akpa.
health,John visited the often hospital today. today.,John gara ụlọ ọgwụ taa.
health,Chinedu often visited the hospital today. today.,Chinedu gara ụlọ ọgwụ taa.
government,Quickly The minister announced a meeting. again.,mịnista kwupụtara nzukọ.
general,Peter lives in Abuja.,Peter bi na Abuja.
general,Kindly Peter lives in Abuja. carefully.,Peter bi na Abuja.
government,Chioma met the governor.,Chioma zutere gọvanọ.
government,Chioma met very the governor. today.,Chioma zutere gọvanọ.
transportation,The very car arrived early. immediately.,ụgbọala rutere n'oge.
weather,Tomorrow The rain often is changing. today.,mmiri ozuzo na-agbanwe.
business,David sold the car.,David rere ụgbọala.
business,Now David sold the car. immediately.,David rere ụgbọala.
technology,Please John repaired always the database. now.,John rụziri ụlọ nchekwa data.
education,Now Every really tailor needs education. today.,onye akwa niile chọrọ agụmakwụkwọ.
food,Kindly Chioma often ate cassava. carefully.,Chioma riri akpụ.
food,John cooked rice.,John siri osikapa.
food,Quickly John often cooked rice. immediately.,John siri osikapa.
education,Today Every mechanic often needs education. today.,onye nrụzi ụgbọala niile chọrọ agụmakwụkwọ.
food,Tomorrow beans really tastes good. immediately.,agwa na-atọ ụtọ.
business,Please Chioma really bought soup. again.,Chioma zụtara ofe.
general,Mary is a doctor.,Mary bụ dọkịta.
general,Now Mary is sometimes a doctor.,Mary bụ dọkịta.
weather,Now The sometimes storm is changing.,oke ifufe na-agbanwe.
weather,Please The storm really is changing.,oke ifufe na-agbanwe.
transportation,Today David travelled often to Owerri. now.,David gara Owerri.
health,Quickly Ada visited very the hospital today.,Ada gara ụlọ ọgwụ taa.
transportation,Kindly The very airport arrived early. immediately.,ọdụ ụgbọ elu rutere n'oge.
agriculture,Today Chioma always harvested maize. now.,Chioma kpọrọ ọka.
general,Grace works well.,Grace na-arụ ọrụ nke ọma.
general,Tomorrow Grace works well. immediately.,Grace na-arụ ọrụ nke ọma.
education,Today Grace really studies in the teacher. immediately.,Grace na-amụ na onye nkuzi.
weather,Quickly There is rain today. now.,mmiri ozuzo dị taa.
general,Today John will come tomorrow. again.,John ga bịa echi.
food,Tomorrow John sometimes cooked fish. now.,John siri azụ.
agriculture,Kindly rice sometimes grows well. now.,osikapa na-eto nke ọma.
government,Quickly The very senator announced a meeting. again.,senetọ kwupụtara nzukọ.
general,Kindly Ada very lives in Abuja. again.,Ada bi na Abuja.
transportation,Kindly The bus often arrived early. carefully.,bọs rutere n'oge.
government,Tomorrow The election often was peaceful. again.,Ntuli aka gara nke ọma.
weather,Today Grace very likes the weather. now.,Grace hụrụ ihu igwe n'anya.
transportation,Now Obinna travelled always to Abuja. carefully.,Obinna gara Abuja.
business,Peter sold the computer.,Peter rere kọmputa.
business,Today Peter sold the computer.,Peter rere kọmputa.
food,Mary ate meat.,Mary riri anụ.
food,Quickly Mary really ate meat. immediately.,Mary riri anụ.
government,Now The often governor announced a meeting.,gọvanọ kwupụtara nzukọ.
food,Chinedu ate yam.,Chinedu riri ji.
food,Tomorrow Chinedu sometimes ate yam. immediately.,Chinedu riri ji.
weather,Quickly The rain sometimes is changing. now.,mmiri ozuzo na-agbanwe.
education,Kindly Obinna very studies in the student.,Obinna na-amụ na nwa akwụkwọ.
weather,Please There sometimes is cloud today.,igwe ojii dị taa.
agriculture,Kindly Peter always harvested yam. again.,Peter kpọrọ ji.
business,Now The trader very visited Lagos. again.,Onye ahịa gara Lagos.
business,Tomorrow The trader visited Nigeria. now.,Onye ahịa gara Naịjirịa.
transportation,Now Chioma often boarded a bicycle. now.,Chioma banyere igwe kwụ otu ebe.
weather,Chinedu likes the storm.,Chinedu hụrụ oke ifufe n'anya.
weather,Now Chinedu very likes the storm. today.,Chinedu hụrụ oke ifufe n'anya.
business,Emeka bought meat.,Emeka zụtara anụ.
business,Today Emeka always bought meat. carefully.,Emeka zụtara anụ.
technology,Mary uses a internet.,Mary na-eji ịntanet.
technology,Today Mary uses really a internet. now.,Mary na-eji ịntanet.
government,The election very was peaceful. carefully.,Ntuli aka gara nke ọma.
food,Kindly rice sometimes tastes good. carefully.,osikapa na-atọ ụtọ.
education,Today The teacher very is open. carefully.,onye nkuzi meghere.
health,Now David always has diabetes. today.,David nwere shuga.
food,Please bread often tastes good. immediately.,achịcha na-atọ ụtọ.
government,Kindly The election very was peaceful. carefully.,Ntuli aka gara nke ọma.
government,Please The president announced a meeting. today.,onye isi ala kwupụtara nzukọ.
agriculture,Today The often farmer planted maize.,Onye ọrụ ugbo kụrụ ọka.
health,Today John very has cholera. now.,John nwere kọlera.
food,Tomorrow yam often tastes good.,ji na-atọ ụtọ.
health,Mary often has typhoid. immediately.,Mary nwere taịfọd.
general,Peter is a chef.,Peter bụ onye isi nri.
general,Quickly Peter really is a chef. today.,Peter bụ onye isi nri.
weather,Quickly There is always storm today. today.,oke ifufe dị taa.
health,Quickly John visited often the hospital today.,John gara ụlọ ọgwụ taa.
general,Peter lives in Kano.,Peter bi na Kano.
general,Now Peter lives in Kano.,Peter bi na Kano.
food,Emeka ate egg.,Emeka riri akwa.
food,Tomorrow Emeka ate egg. carefully.,Emeka riri akwa.
technology,The website always is new. carefully.,weebụsaịtị ahụ dị ọhụrụ.
food,Kindly Grace cooked soup.,Grace siri ofe.
agriculture,Today Ada always harvested cassava. today.,Ada kpọrọ akpụ.
food,Obinna ate fish.,Obinna riri azụ.
food,Quickly Obinna really ate fish. now.,Obinna riri azụ.
weather,Now The really weather is changing. now.,ihu igwe na-agbanwe.
food,Quickly Grace cooked egg. again.,Grace siri akwa.
agriculture,Tomorrow yam really grows well. again.,ji na-eto nke ọma.
government,Chinedu met the minister.,Chinedu zutere mịnista.
government,Chinedu really met the minister. immediately.,Chinedu zutere mịnista.
general,Peter works carefully.,Peter na-arụ ọrụ nlezianya.
general,Please Peter often works carefully. immediately.,Peter na-arụ ọrụ nlezianya.
general,Peter is a engineer.,Peter bụ injinia.
general,Kindly Peter is always a engineer. immediately.,Peter bụ injinia.
food,Quickly yam often tastes good.,ji na-atọ ụtọ.
government,Quickly The senator announced often a meeting. carefully.,senetọ kwupụtara nzukọ.
technology,Now Chinedu repaired really the keyboard. immediately.,Chinedu rụziri kiibọdụ.
education,Now Every sometimes electrician needs education. again.,onye ọkụ eletrik niile chọrọ agụmakwụkwọ.
health,Chinedu has diabetes.,Chinedu nwere shuga.
health,Today Chinedu really has diabetes. again.,Chinedu nwere shuga.
technology,Obinna repaired the hardware.,Obinna rụziri họdụwia.
technology,Obinna sometimes repaired the hardware. now.,Obinna rụziri họdụwia.
agriculture,Kindly John sometimes harvested cocoyam.,John kpọrọ ede.
technology,Tomorrow The database is new.,ụlọ nchekwa data ahụ dị ọhụrụ.
government,Now The election was peaceful. now.,Ntuli aka gara nke ọma.
education,Now Every really soldier needs education. carefully.,onye agha niile chọrọ agụmakwụkwọ.
health,Chinedu has cholera.,Chinedu nwere kọlera.
health,Please Chinedu very has cholera. again.,Chinedu nwere kọlera.
transportation,Today The sometimes motorcycle arrived early.,ọkada rutere n'oge.
health,Today Emeka always visited the hospital today.,Emeka gara ụlọ ọgwụ taa.
agriculture,Today The sometimes farmer planted vegetable. now.,Onye ọrụ ugbo kụrụ akwukwo nri.
weather,Grace likes the wind.,Grace hụrụ ifufe n'anya.
weather,Today Grace likes really the wind. now.,Grace hụrụ ifufe n'anya.
technology,Please Peter uses a computer. again.,Peter na-eji kọmputa.
agriculture,Chinedu harvested cassava.,Chinedu kpọrọ akpụ.
agriculture,Now Chinedu sometimes harvested cassava. carefully.,Chinedu kpọrọ akpụ.
health,John has malaria.,John nwere iba.
health,John sometimes has malaria.,John nwere iba.
food,David cooked rice.,David siri osikapa.
food,Now David often cooked rice. today.,David siri osikapa.
weather,Obinna often likes the rain. again.,Obinna hụrụ mmiri ozuzo n'anya.
education,Now The library always is open. again.,ọba akwụkwọ meghere.
agriculture,Please The farmer really planted vegetable. today.,Onye ọrụ ugbo kụrụ akwukwo nri.
health,Please Ada visited the always hospital today. again.,Ada gara ụlọ ọgwụ taa.
health,Today Chioma visited often the hospital today. carefully.,Chioma gara ụlọ ọgwụ taa.
agriculture,Today The farmer really planted vegetable.,Onye ọrụ ugbo kụrụ akwukwo nri.
weather,Please There is often storm today. now.,oke ifufe dị taa.
agriculture,maize really grows well. immediately.,ọka na-eto nke ọma.
business,Quickly The trader visited Owerri. today.,Onye ahịa gara Owerri.
education,Grace studies in the student.,Grace na-amụ na nwa akwụkwọ.
education,Today Grace studies in really the student. again.,Grace na-amụ na nwa akwụkwọ.
education,The sometimes school is open. again.,ụlọ akwụkwọ meghere.
weather,Now The wind sometimes is changing. now.,ifufe na-agbanwe.
food,Obinna always ate rice. again.,Obinna riri osikapa.
weather,There often is cloud today. again.,igwe ojii dị taa.
transportation,Tomorrow The sometimes airport arrived early. now.,ọdụ ụgbọ elu rutere n'oge.
agriculture,Today The farmer always planted cassava. immediately.,Onye ọrụ ugbo kụrụ akpụ.
education,John studies in the school.,John na-amụ na ụlọ akwụkwọ.
education,Today John studies in sometimes the school. immediately.,John na-amụ na ụlọ akwụkwọ.
technology,Ada repaired the software.,Ada rụziri sọftụwia.
technology,Tomorrow Ada repaired sometimes the software. now.,Ada rụziri sọftụwia.
general,The chair is beautiful.,oche ahụ dị mara mma.
general,Tomorrow The always chair is beautiful. now.,oche ahụ dị mara mma.
weather,Now There sometimes is storm today. carefully.,oke ifufe dị taa.
food,Now Obinna very ate egg. immediately.,Obinna riri akwa.
business,Emeka bought fish.,Emeka zụtara azụ.
business,Now Emeka really bought fish. carefully.,Emeka zụtara azụ.
weather,Kindly There is really storm today. immediately.,oke ifufe dị taa.
agriculture,rice sometimes grows well.,osikapa na-eto nke ọma.
government,Tomorrow The government always announced a meeting. today.,gọọmenti kwupụtara nzukọ.
transportation,Kindly Ada really boarded a bus. today.,Ada banyere bọs.
business,David bought yam.,David zụtara ji.
business,Please David very bought yam. carefully.,David zụtara ji.
health,Kindly The sometimes doctor treated diabetes. now.,Dọkịta gwọrọ shuga.
weather,Quickly There sometimes is weather today. now.,ihu igwe dị taa.
technology,Today Obinna often repaired the database. now.,Obinna rụziri ụlọ nchekwa data.
weather,Please The storm is changing. today.,oke ifufe na-agbanwe.
general,Grace has a chair.,Grace nwere oche.
general,Today Grace has often a chair. again.,Grace nwere oche.
business,Chinedu bought rice.,Chinedu zụtara osikapa.
business,Today Chinedu sometimes bought rice.,Chinedu zụtara osikapa.
general,Obinna is a engineer.,Obinna bụ injinia.
general,Kindly Obinna is always a engineer.,Obinna bụ injinia.
general,Peter lives in Nigeria.,Peter bi na Naịjirịa.
general,Please Peter often lives in Nigeria. today.,Peter bi na Naịjirịa.
government,Now The often election announced a meeting.,ntuli aka kwupụtara nzukọ.
technology,Grace repaired the software.,Grace rụziri sọftụwia.
technology,Today Grace often repaired the software.,Grace rụziri sọftụwia.
food,Emeka cooked bread.,Emeka siri achịcha.
food,Emeka very cooked bread. again.,Emeka siri achịcha.
general,Chinedu is a chef.,Chinedu bụ onye isi nri.
general,Chinedu often is a chef. today.,Chinedu bụ onye isi nri.
food,Please bread sometimes tastes good.,achịcha na-atọ ụtọ.
government,Tomorrow The senator announced always a meeting. now.,senetọ kwupụtara nzukọ.
government,Please Chinedu often met the election. immediately.,Chinedu zutere ntuli aka.
general,Chinedu will always eat tomorrow. again.,Chinedu ga rie echi.
transportation,Quickly Emeka really boarded a airport. immediately.,Emeka banyere ọdụ ụgbọ elu.
transportation,David travelled to Abuja.,David gara Abuja.
transportation,Today David very travelled to Abuja. again.,David gara Abuja.
health,Peter visited sometimes the hospital today. immediately.,Peter gara ụlọ ọgwụ taa.
transportation,Now David boarded very a car. immediately.,David banyere ụgbọala.
transportation,Quickly Chinedu travelled always to Kano. now.,Chinedu gara Kano.
general,John lives in Nigeria.,John bi na Naịjirịa.
general,Today John lives often in Nigeria. today.,John bi na Naịjirịa.
government,Quickly The election announced a meeting. carefully.,ntuli aka kwupụtara nzukọ.
government,Tomorrow Grace always met the minister. again.,Grace zutere mịnista.
weather,Please The really cloud is changing. immediately.,igwe ojii na-agbanwe.
transportation,David travelled to Lagos.,David gara Lagos.
transportation,Now David travelled really to Lagos. again.,David gara Lagos.
general,Kindly Chinedu has often a table. today.,Chinedu nwere tebụl.
education,Tomorrow Every often mechanic needs education. carefully.,onye nrụzi ụgbọala niile chọrọ agụmakwụkwọ.
