domain,english,igbo
general,Quickly The often table is big.,tebụl ahụ dị ukwu.
education,The teacher is open.,onye nkuzi meghere.
technology,Chioma sometimes uses a computer. carefully.,Chioma na-eji kọmputa.
weather,Now Obinna always likes the cloud.,Obinna hụrụ igwe ojii n'anya.
general,Kindly The book sometimes is old.,akwụkwọ ahụ dị ochie.
education,Peter studies in the examination.,Peter na-amụ na ule.
government,Please Grace met always the minister. carefully.,Grace zutere mịnista.
business,Peter sometimes bought egg. immediately.,Peter zụtara akwa.
education,Please The really assignment is open. immediately.,ọrụ ụlọ meghere.
weather,Now There is sometimes cloud today. again.,igwe ojii dị taa.
technology,Chinedu uses a computer.,Chinedu na-eji kọmputa.
technology,Peter very uses a hardware. today.,Peter na-eji họdụwia.
weather,Chioma likes the storm.,Chioma hụrụ oke ifufe n'anya.
transportation,Quickly Peter always boarded a airport. again.,Peter banyere ọdụ ụgbọ elu.
technology,Peter often uses a computer. immediately.,Peter na-eji kọmputa.
health,Please The doctor always treated typhoid. again.,Dọkịta gwọrọ taịfọd.
general,Peter has a book.,Peter nwere akwụkwọ.
general,Now Obinna has really a car. again.,Obinna nwere ụgbọala.
food,Emeka cooked cassava.,Emeka siri akpụ.
government,Please Peter met the minister.,Peter zutere mịnista.
government,Today Peter met the senator.,Peter zutere senetọ.
education,Tomorrow The student often is open.,nwa akwụkwọ meghere.
health,Quickly The very doctor treated diabetes.,Dọkịta gwọrọ shuga.
transportation,Quickly Chinedu sometimes travelled to Owerri. carefully.,Chinedu gara Owerri.
transportation,John travelled to Nigeria.,John gara Naịjirịa.
weather,Please There is really wind today. immediately.,ifufe dị taa.
transportation,Kindly Grace always travelled to Onitsha. today.,Grace gara Ọnịcha.
business,Quickly The trader very visited Enugu. carefully.,Onye ahịa gara Enugu.
weather,The sun is changing.,anwụ na-agbanwe.
government,Quickly The senator sometimes announced a meeting. again.,senetọ kwupụtara nzukọ.
transportation,David travelled to Owerri.,David gara Owerri.
education,Grace studies in the assignment.,Grace na-amụ na ọrụ ụlọ.
transportation,Now The airport always arrived early. carefully.,ọdụ ụgbọ elu rutere n'oge.
general,Tomorrow The always chair is beautiful. now.,oche ahụ dị mara mma.
business,Please Chioma often sold the bag.,Chioma rere akpa.
government,The election really was peaceful. again.,Ntuli aka gara nke ọma.
health,John visited the often hospital today. today.,John gara ụlọ ọgwụ taa.
food,Chinedu cooked beans.,Chinedu siri agwa.
education,The classroom sometimes is open.,ụlọ klas meghere.
education,Now Every police officer really needs education. again.,onye uwe ojii niile chọrọ agụmakwụkwọ.
general,John lives in Onitsha.,John bi na Ọnịcha.
business,Kindly The trader really visited Nigeria. immediately.,Onye ahịa gara Naịjirịa.
education,Grace studies in the student.,Grace na-amụ na nwa akwụkwọ.
general,Tomorrow Obinna really has a chair. again.,Obinna nwere oche.
general,Kindly Obinna lives very in Abuja. carefully.,Obinna bi na Abuja.
technology,Please Mary repaired very the website. today.,Mary rụziri weebụsaịtị.
food,David ate yam.,David riri ji.
weather,Today Ada very likes the wind. carefully.,Ada hụrụ ifufe n'anya.
technology,Now Emeka very uses a internet. immediately.,Emeka na-eji ịntanet.
technology,Please David repaired very the database. immediately.,David rụziri ụlọ nchekwa data.
transportation,Please Obinna travelled always to Abuja.,Obinna gara Abuja.
government,Tomorrow Grace always met the minister. again.,Grace zutere mịnista.
education,Now Every mechanic often needs education. again.,onye nrụzi ụgbọala niile chọrọ agụmakwụkwọ.
food,Quickly Chioma often cooked soup. now.,Chioma siri ofe.
technology,Grace repaired the computer.,Grace rụziri kọmputa.
government,Quickly The senator announced often a meeting. carefully.,senetọ kwupụtara nzukọ.
technology,Tomorrow Chinedu repaired always the computer.,Chinedu rụziri kọmputa.
transportation,Emeka travelled to Lagos.,Emeka gara Lagos.
transportation,Now John very travelled to Onitsha.,John gara Ọnịcha.
general,The book is old.,akwụkwọ ahụ dị ochie.
agriculture,Please The farmer often planted yam. now.,Onye ọrụ ugbo kụrụ ji.
transportation,Chinedu boarded a motorcycle.,Chinedu banyere ọkada.
food,Today Obinna ate beans. again.,Obinna riri agwa.
business,Tomorrow Chioma sold often the table. today.,Chioma rere tebụl.
health,Tomorrow Obinna sometimes has cholera. now.,Obinna nwere kọlera.
agriculture,Quickly The always farmer planted rice. today.,Onye ọrụ ugbo kụrụ osikapa.
technology,Obinna very repaired the internet. carefully.,Obinna rụziri ịntanet.
technology,Quickly Ada uses sometimes a mouse. again.,Ada na-eji maụs.
food,Quickly Grace sometimes cooked garri. today.,Grace siri garri.
general,Now John sometimes works slowly. today.,John na-arụ ọrụ nwayọọ.
food,Quickly Mary ate garri. now.,Mary riri garri.
transportation,Tomorrow Grace very travelled to Onitsha. immediately.,Grace gara Ọnịcha.
transportation,Emeka boarded a road.,Emeka banyere ụzọ.
general,Today Peter really will write tomorrow. today.,Peter ga dee echi.
business,Chinedu bought beans.,Chinedu zụtara agwa.
general,Obinna is a electrician.,Obinna bụ onye ọkụ eletrik.
business,David bought bread.,David zụtara achịcha.
transportation,The road arrived early.,ụzọ rutere n'oge.
technology,Kindly Chinedu uses always a website. now.,Chinedu na-eji weebụsaịtị.
technology,Kindly Ada very uses a mouse. now.,Ada na-eji maụs.
general,Peter lives in Abuja.,Peter bi na Abuja.
food,Now beans tastes good. today.,agwa na-atọ ụtọ.
general,Please The sometimes bag is fast. immediately.,akpa ahụ dị ngwa ngwa.
general,Today Ada lives sometimes in Onitsha. today.,Ada bi na Ọnịcha.
technology,Tomorrow The often software is new. again.,sọftụwia ahụ dị ọhụrụ.
technology,Mary uses a keyboard.,Mary na-eji kiibọdụ.
education,Emeka studies in the student.,Emeka na-amụ na nwa akwụkwọ.
business,Chinedu bought egg.,Chinedu zụtara akwa.
technology,Please The mouse is new. now.,maụs ahụ dị ọhụrụ.
health,Kindly Obinna really has fever. today.,Obinna nwere ahụ ọkụ.
transportation,Today David travelled often to Owerri. now.,David gara Owerri.
food,Please Chinedu often cooked beans.,Chinedu siri agwa.
education,Every student always needs education. immediately.,nwata akwụkwọ niile chọrọ agụmakwụkwọ.
education,Now David studies often in the school. again.,David na-amụ na ụlọ akwụkwọ.
weather,Kindly There is sometimes cloud today. now.,igwe ojii dị taa.
food,Chioma cooked garri.,Chioma siri garri.
weather,Quickly Grace very likes the rain. today.,Grace hụrụ mmiri ozuzo n'anya.
education,Obinna studies in the student.,Obinna na-amụ na nwa akwụkwọ.
business,Please Chinedu often bought soup. again.,Chinedu zụtara ofe.
weather,Kindly The weather always is changing. today.,ihu igwe na-agbanwe.
technology,Quickly Grace uses really a website. today.,Grace na-eji weebụsaịtị.
health,Today Mary very has malaria.,Mary nwere iba.
technology,Now The very mouse is new. carefully.,maụs ahụ dị ọhụrụ.
health,Tomorrow The sometimes doctor treated fever. again.,Dọkịta gwọrọ ahụ ọkụ.
general,Chioma works carefully.,Chioma na-arụ ọrụ nlezianya.
agriculture,Now maize often grows well. today.,ọka na-eto nke ọma.
agriculture,Peter harvested cassava.,Peter kpọrọ akpụ.
education,Quickly Every really mechanic needs education. carefully.,onye nrụzi ụgbọala niile chọrọ agụmakwụkwọ.
health,John visited the very hospital today. today.,John gara ụlọ ọgwụ taa.
health,Kindly The doctor often treated diabetes. carefully.,Dọkịta gwọrọ shuga.
government,Tomorrow The government announced always a meeting. again.,gọọmenti kwupụtara nzukọ.
technology,Emeka uses a database.,Emeka na-eji ụlọ nchekwa data.
agriculture,Tomorrow David always harvested yam. immediately.,David kpọrọ ji.
technology,David repaired the internet.,David rụziri ịntanet.
technology,Chioma uses a mouse.,Chioma na-eji maụs.
general,Ada has a computer.,Ada nwere kọmputa.
business,David sold the computer.,David rere kọmputa.
government,The government announced always a meeting. carefully.,gọọmenti kwupụtara nzukọ.
technology,Please Grace uses very a keyboard. today.,Grace na-eji kiibọdụ.
education,Today John studies in always the classroom. immediately.,John na-amụ na ụlọ klas.
transportation,Obinna travelled to Enugu.,Obinna gara Enugu.
education,Today Grace studies in really the student. again.,Grace na-amụ na nwa akwụkwọ.
transportation,Quickly The bus sometimes arrived early. again.,bọs rutere n'oge.
technology,Mary uses a mouse.,Mary na-eji maụs.
general,Mary is a student.,Mary bụ nwata akwụkwọ.
government,Quickly The really election was peaceful. again.,Ntuli aka gara nke ọma.
health,Chinedu has cholera.,Chinedu nwere kọlera.
government,Today The president announced very a meeting. carefully.,onye isi ala kwupụtara nzukọ.
transportation,Quickly Chinedu boarded always a airport. today.,Chinedu banyere ọdụ ụgbọ elu.
government,Today The very government announced a meeting. carefully.,gọọmenti kwupụtara nzukọ.
transportation,Now David boarded very a car. immediately.,David banyere ụgbọala.
food,Peter cooked egg.,Peter siri akwa.
general,David very will go tomorrow. today.,David ga gaa echi.
business,Today Ada really sold the chair. again.,Ada rere oche.
technology,Peter uses a internet.,Peter na-eji ịntanet.
general,Kindly Peter is a nurse. now.,Peter bụ nọọsụ.
food,Now Ada really ate meat.,Ada riri anụ.
education,Every student always needs education. now.,nwata akwụkwọ niile chọrọ agụmakwụkwọ.
general,Obinna has a car.,Obinna nwere ụgbọala.
business,Chinedu sold the car.,Chinedu rere ụgbọala.
general,Grace very lives in Enugu. today.,Grace bi na Enugu.
business,Please The very trader visited Lagos. immediately.,Onye ahịa gara Lagos.
food,Kindly John often cooked fish.,John siri azụ.
education,Today David studies in the school.,David na-amụ na ụlọ akwụkwọ.
health,Ada has flu.,Ada nwere oyi.
technology,Now The software sometimes is new. immediately.,sọftụwia ahụ dị ọhụrụ.
general,Ada really lives in Enugu. today.,Ada bi na Enugu.
transportation,The very car arrived early. immediately.,ụgbọala rutere n'oge.
technology,Obinna uses a computer.,Obinna na-eji kọmputa.
food,Mary cooked yam.,Mary siri ji.
government,Tomorrow Emeka met the government.,Emeka zutere gọọmenti.
health,Now David always has diabetes. today.,David nwere shuga.
health,Please Chinedu very has cholera. again.,Chinedu nwere kọlera.
general,Emeka works slowly.,Emeka na-arụ ọrụ nwayọọ.
transportation,Please The sometimes motorcycle arrived early. today.,ọkada rutere n'oge.
weather,Now Emeka likes the weather.,Emeka hụrụ ihu igwe n'anya.
weather,Please There is wind today. today.,ifufe dị taa.
government,Now The election was peaceful. immediately.,Ntuli aka gara nke ọma.
general,Grace works well.,Grace na-arụ ọrụ nke ọma.
general,Kindly The often computer is small. immediately.,kọmputa ahụ dị obere.
technology,Emeka uses a computer.,Emeka na-eji kọmputa.
business,Now The trader visited Nigeria. today.,Onye ahịa gara Naịjirịa.
government,Today Chinedu met always the governor. again.,Chinedu zutere gọvanọ.
weather,Kindly There sometimes is sun today. again.,anwụ dị taa.
food,Today Peter ate egg. now.,Peter riri akwa.
government,David met the president.,David zutere onye isi ala.
health,Ada visited the hospital today.,Ada gara ụlọ ọgwụ taa.
weather,Kindly Chinedu likes very the sun. now.,Chinedu hụrụ anwụ n'anya.
general,Please Ada works well. now.,Ada na-arụ ọrụ nke ọma.
education,David studies in the school. carefully.,David na-amụ na ụlọ akwụkwọ.
business,Grace bought bread.,Grace zụtara achịcha.
technology,Grace uses a internet.,Grace na-eji ịntanet.
business,Now Mary sold always the book. carefully.,Mary rere akwụkwọ.
business,Chioma bought egg.,Chioma zụtara akwa.
general,Today Chinedu very lives in Nigeria. carefully.,Chinedu bi na Naịjirịa.
weather,Peter likes the wind.,Peter hụrụ ifufe n'anya.
general,Peter has a car.,Peter nwere ụgbọala.
health,Now The doctor treated typhoid. immediately.,Dọkịta gwọrọ taịfọd.
agriculture,Quickly Mary very harvested cocoyam. again.,Mary kpọrọ ede.
food,Kindly egg really tastes good. immediately.,akwa na-atọ ụtọ.
weather,Kindly There is often sun today. now.,anwụ dị taa.
business,Emeka bought soup. carefully.,Emeka zụtara ofe.
agriculture,Please maize often grows well. today.,ọka na-eto nke ọma.
education,Today Every trader needs education. immediately.,onye ahịa niile chọrọ agụmakwụkwọ.
transportation,Tomorrow Chinedu boarded always a airport. now.,Chinedu banyere ọdụ ụgbọ elu.
food,yam really tastes good. carefully.,ji na-atọ ụtọ.
weather,Please The storm really is changing.,oke ifufe na-agbanwe.
transportation,Ada travelled to Lagos.,Ada gara Lagos.
food,bread tastes good.,achịcha na-atọ ụtọ.
health,Chioma always has malaria. again.,Chioma nwere iba.
weather,There very is cloud today. immediately.,igwe ojii dị taa.
food,Quickly Peter very ate garri. now.,Peter riri garri.
business,Kindly Grace really bought yam.,Grace zụtara ji.
food,Peter cooked bread.,Peter siri achịcha.
transportation,Tomorrow The car sometimes arrived early. now.,ụgbọala rutere n'oge.
transportation,Mary travelled to Kano.,Mary gara Kano.
transportation,Today Chinedu very boarded a motorcycle. immediately.,Chinedu banyere ọkada.
technology,Kindly David very uses a software. immediately.,David na-eji sọftụwia.
technology,Mary uses a hardware.,Mary na-eji họdụwia.
business,Now Chioma often bought garri. now.,Chioma zụtara garri.
food,Tomorrow Chioma sometimes ate cassava. again.,Chioma riri akpụ.
technology,Chioma repaired the website.,Chioma rụziri weebụsaịtị.
technology,Please Grace uses very a hardware. today.,Grace na-eji họdụwia.
transportation,Chinedu boarded a airport.,Chinedu banyere ọdụ ụgbọ elu.
weather,Ada likes the weather.,Ada hụrụ ihu igwe n'anya.
transportation,Kindly Ada travelled often to Kano. again.,Ada gara Kano.
health,Now The always doctor treated cholera. immediately.,Dọkịta gwọrọ kọlera.
health,Emeka visited the hospital today.,Emeka gara ụlọ ọgwụ taa.
transportation,The bus arrived early. today.,bọs rutere n'oge.
technology,Quickly Emeka always repaired the internet. now.,Emeka rụziri ịntanet.
food,Quickly Peter always ate rice. today.,Peter riri osikapa.
health,Quickly John visited the really hospital today. immediately.,John gara ụlọ ọgwụ taa.
government,Kindly The election sometimes was peaceful.,Ntuli aka gara nke ọma.
education,Every soldier needs education.,onye agha niile chọrọ agụmakwụkwọ.
weather,Chinedu likes the storm.,Chinedu hụrụ oke ifufe n'anya.
health,Now Obinna has fever.,Obinna nwere ahụ ọkụ.
education,Tomorrow Obinna sometimes studies in the teacher. now.,Obinna na-amụ na onye nkuzi.
weather,Kindly The really wind is changing. immediately.,ifufe na-agbanwe.
general,The car is small.,ụgbọala ahụ dị obere.
food,Grace cooked meat.,Grace siri anụ.
education,Grace studies in the school.,Grace na-amụ na ụlọ akwụkwọ.
transportation,Quickly Obinna often travelled to Onitsha.,Obinna gara Ọnịcha.
agriculture,Today Chioma very harvested cocoyam. carefully.,Chioma kpọrọ ede.
education,Today Every tailor really needs education. now.,onye akwa niile chọrọ agụmakwụkwọ.
technology,Obinna repaired the hardware.,Obinna rụziri họdụwia.
business,Now Obinna often sold the computer. today.,Obinna rere kọmputa.
health,Tomorrow John visited the often hospital today. carefully.,John gara ụlọ ọgwụ taa.
business,Please The very trader visited Nigeria. today.,Onye ahịa gara Naịjirịa.
general,Peter lives in Kano.,Peter bi na Kano.
food,Quickly John often cooked rice. immediately.,John siri osikapa.
health,Today Peter visited the hospital today. now.,Peter gara ụlọ ọgwụ taa.
education,Please Grace studies always in the assignment. carefully.,Grace na-amụ na ọrụ ụlọ.
weather,Tomorrow The rain often is changing. today.,mmiri ozuzo na-agbanwe.
technology,Emeka uses a internet.,Emeka na-eji ịntanet.
food,Ada ate garri.,Ada riri garri.
general,Now John often will buy tomorrow. immediately.,John ga zụ echi.
general,Mary very lives in Nigeria.,Mary bi na Naịjirịa.
weather,Now The wind sometimes is changing. now.,ifufe na-agbanwe.
technology,Quickly Mary uses very a hardware. today.,Mary na-eji họdụwia.
transportation,Today The very road arrived early.,ụzọ rutere n'oge.
business,Mary sold the phone.,Mary rere ekwentị.
health,The doctor treated fever.,Dọkịta gwọrọ ahụ ọkụ.
education,Today Every programmer sometimes needs education.,onye mmemme kọmputa niile chọrọ agụmakwụkwọ.
education,Quickly Every very teacher needs education. now.,onye nkuzi niile chọrọ agụmakwụkwọ.
general,Today The always bag is big. today.,akpa ahụ dị ukwu.
weather,Now Chioma likes sometimes the rain. again.,Chioma hụrụ mmiri ozuzo n'anya.
general,Ada lives in Enugu.,Ada bi na Enugu.
general,Obinna has a chair.,Obinna nwere oche.
food,Today garri really tastes good. today.,garri na-atọ ụtọ.
technology,Chinedu repaired the computer.,Chinedu rụziri kọmputa.
agriculture,Mary often harvested cassava. today.,Mary kpọrọ akpụ.
general,The car is big.,ụgbọala ahụ dị ukwu.
education,Today John always studies in the examination. today.,John na-amụ na ule.
business,Please Ada sold always the chair. now.,Ada rere oche.
health,Now Peter visited the hospital today. carefully.,Peter gara ụlọ ọgwụ taa.
food,Chioma cooked rice.,Chioma siri osikapa.
agriculture,John harvested cocoyam.,John kpọrọ ede.
business,John bought meat.,John zụtara anụ.
food,Quickly David often cooked beans. now.,David siri agwa.
agriculture,Ada harvested cocoyam.,Ada kpọrọ ede.
general,The table is beautiful.,tebụl ahụ dị mara mma.
business,Now Peter always bought beans. now.,Peter zụtara agwa.
business,Obinna sold the computer.,Obinna rere kọmputa.
weather,Quickly There is really wind today. immediately.,ifufe dị taa.
education,Please The very school is open. again.,ụlọ akwụkwọ meghere.
agriculture,maize grows well.,ọka na-eto nke ọma.
transportation,Emeka boarded a car.,Emeka banyere ụgbọala.
technology,Emeka uses a website.,Emeka na-eji weebụsaịtị.
general,David will go tomorrow.,David ga gaa echi.
general,Mary is a teacher. immediately.,Mary bụ onye nkuzi.
education,Every mechanic needs education.,onye nrụzi ụgbọala niile chọrọ agụmakwụkwọ.
food,Please Mary sometimes cooked meat. carefully.,Mary siri anụ.
weather,Kindly The cloud is changing. again.,igwe ojii na-agbanwe.
business,Peter bought egg.,Peter zụtara akwa.
weather,Please There is always rain today. immediately.,mmiri ozuzo dị taa.
general,Grace is a doctor.,Grace bụ dọkịta.
transportation,Ada travelled to Abuja.,Ada gara Abuja.
weather,The storm always is changing. now.,oke ifufe na-agbanwe.
agriculture,cassava really grows well. carefully.,akpụ na-eto nke ọma.
transportation,David boarded a car.,David banyere ụgbọala.
food,Tomorrow cassava often tastes good. immediately.,akpụ na-atọ ụtọ.
general,Please Ada has very a bag. now.,Ada nwere akpa.
weather,Please Obinna likes sometimes the rain. carefully.,Obinna hụrụ mmiri ozuzo n'anya.
health,Quickly The really doctor treated malaria. now.,Dọkịta gwọrọ iba.
business,Today Chioma really bought egg. today.,Chioma zụtara akwa.
business,Peter bought yam.,Peter zụtara ji.
general,Chinedu lives in Enugu.,Chinedu bi na Enugu.
health,David has fever.,David nwere ahụ ọkụ.
general,Quickly Obinna often is a nurse. immediately.,Obinna bụ nọọsụ.
technology,Now Chioma uses a internet. carefully.,Chioma na-eji ịntanet.
business,Mary bought meat.,Mary zụtara anụ.
health,The doctor treated typhoid.,Dọkịta gwọrọ taịfọd.
government,Kindly The election announced really a meeting. now.,ntuli aka kwupụtara nzukọ.
business,Chinedu sold the table.,Chinedu rere tebụl.
health,Now Chioma really has typhoid. again.,Chioma nwere taịfọd.
education,The sometimes school is open. again.,ụlọ akwụkwọ meghere.
government,Please Chinedu met really the governor. now.,Chinedu zutere gọvanọ.
weather,Today Mary likes sometimes the sun.,Mary hụrụ anwụ n'anya.
general,Peter will learn tomorrow.,Peter ga mụ echi.
general,The computer is new.,kọmputa ahụ dị ọhụrụ.
business,Tomorrow The very trader visited Enugu. now.,Onye ahịa gara Enugu.
food,David ate egg.,David riri akwa.
government,David met sometimes the president. immediately.,David zutere onye isi ala.
technology,Kindly The database really is new.,ụlọ nchekwa data ahụ dị ọhụrụ.
business,Chinedu bought rice.,Chinedu zụtara osikapa.
general,John always works well.,John na-arụ ọrụ nke ọma.
general,Grace lives in Enugu.,Grace bi na Enugu.
food,Now Chioma ate beans. immediately.,Chioma riri agwa.
technology,David repaired very the hardware. carefully.,David rụziri họdụwia.
transportation,Quickly The motorcycle often arrived early. again.,ọkada rutere n'oge.
technology,Tomorrow The often mouse is new.,maụs ahụ dị ọhụrụ.
business,Chioma often bought soup.,Chioma zụtara ofe.
education,Now Every doctor really needs education. carefully.,dọkịta niile chọrọ agụmakwụkwọ.
technology,Mary repaired the website.,Mary rụziri weebụsaịtị.
general,Please Obinna very lives in Kano. today.,Obinna bi na Kano.
food,Kindly David very ate yam. today.,David riri ji.
weather,Now There is very sun today. immediately.,anwụ dị taa.
general,Today Chioma works carefully. now.,Chioma na-arụ ọrụ nlezianya.
agriculture,Kindly The farmer planted yam. now.,Onye ọrụ ugbo kụrụ ji.
agriculture,Kindly The farmer often planted cassava. carefully.,Onye ọrụ ugbo kụrụ akpụ.
health,Now John visited the often hospital today.,John gara ụlọ ọgwụ taa.
food,Now Obinna very ate egg. immediately.,Obinna riri akwa.
health,Now The doctor treated cholera. carefully.,Dọkịta gwọrọ kọlera.
health,Quickly The often doctor treated typhoid.,Dọkịta gwọrọ taịfọd.
health,Quickly Ada really has fever. again.,Ada nwere ahụ ọkụ.
general,The table is new.,tebụl ahụ dị ọhụrụ.
agriculture,Mary harvested cassava.,Mary kpọrọ akpụ.
business,Kindly The trader very visited Enugu. again.,Onye ahịa gara Enugu.
business,Today Mary very sold the bag. again.,Mary rere akpa.
food,Now Chioma really cooked soup. immediately.,Chioma siri ofe.
food,Now bread really tastes good. again.,achịcha na-atọ ụtọ.
education,Tomorrow Obinna really studies in the school. immediately.,Obinna na-amụ na ụlọ akwụkwọ.
health,John always visited the hospital today. now.,John gara ụlọ ọgwụ taa.
food,Emeka cooked bread.,Emeka siri achịcha.
transportation,David travelled to Abuja.,David gara Abuja.
technology,Ada uses a computer.,Ada na-eji kọmputa.
technology,Now Emeka repaired the software. immediately.,Emeka rụziri sọftụwia.
technology,Please Emeka really uses a website. immediately.,Emeka na-eji weebụsaịtị.
health,David visited the hospital today.,David gara ụlọ ọgwụ taa.
agriculture,Today The farmer always planted cassava. immediately.,Onye ọrụ ugbo kụrụ akpụ.
agriculture,rice sometimes grows well.,osikapa na-eto nke ọma.
food,Quickly Ada always cooked meat. now.,Ada siri anụ.
technology,Quickly Mary repaired sometimes the database.,Mary rụziri ụlọ nchekwa data.
agriculture,Tomorrow The always farmer planted vegetable. immediately.,Onye ọrụ ugbo kụrụ akwukwo nri.
business,Quickly The trader really visited Enugu.,Onye ahịa gara Enugu.
transportation,Today The airport always arrived early.,ọdụ ụgbọ elu rutere n'oge.
food,Mary cooked garri.,Mary siri garri.
business,Please Chioma really bought soup. again.,Chioma zụtara ofe.
technology,Tomorrow The keyboard really is new.,kiibọdụ ahụ dị ọhụrụ.
agriculture,Please cassava very grows well. again.,akpụ na-eto nke ọma.
health,Quickly Ada visited very the hospital today.,Ada gara ụlọ ọgwụ taa.
weather,Quickly The rain sometimes is changing. now.,mmiri ozuzo na-agbanwe.
agriculture,Emeka very harvested rice. today.,Emeka kpọrọ osikapa.
government,Quickly The election sometimes was peaceful. carefully.,Ntuli aka gara nke ọma.
general,Chinedu often is a chef. today.,Chinedu bụ onye isi nri.
business,Tomorrow Emeka really bought rice. now.,Emeka zụtara osikapa.
transportation,Today Obinna boarded a airport. carefully.,Obinna banyere ọdụ ụgbọ elu.
general,Mary is a teacher.,Mary bụ onye nkuzi.
transportation,Tomorrow Peter very boarded a airport. carefully.,Peter banyere ọdụ ụgbọ elu.
government,The election always was peaceful. immediately.,Ntuli aka gara nke ọma.
technology,Ada uses a database.,Ada na-eji ụlọ nchekwa data.
government,Please David met always the election.,David zutere ntuli aka.
government,Quickly The very election was peaceful. today.,Ntuli aka gara nke ọma.
agriculture,Chioma harvested cocoyam.,Chioma kpọrọ ede.
business,Quickly The always trader visited Kano. immediately.,Onye ahịa gara Kano.
education,Every always electrician needs education.,onye ọkụ eletrik niile chọrọ agụmakwụkwọ.
technology,Now Emeka uses a website. again.,Emeka na-eji weebụsaịtị.
general,Kindly John sometimes is a tailor. today.,John bụ onye akwa.
food,garri always tastes good. now.,garri na-atọ ụtọ.
government,Kindly The election very was peaceful. carefully.,Ntuli aka gara nke ọma.
government,Ada met the election.,Ada zutere ntuli aka.
food,Please Chioma often cooked bread. immediately.,Chioma siri achịcha.
health,Obinna visited the hospital today.,Obinna gara ụlọ ọgwụ taa.
general,Quickly Peter is always a student. today.,Peter bụ nwata akwụkwọ.
agriculture,The farmer planted yam.,Onye ọrụ ugbo kụrụ ji.
education,Now Every really soldier needs education. carefully.,onye agha niile chọrọ agụmakwụkwọ.
transportation,Tomorrow The airport sometimes arrived early. immediately.,ọdụ ụgbọ elu rutere n'oge.
weather,Today The rain very is changing. again.,mmiri ozuzo na-agbanwe.
general,Chioma is always a doctor. carefully.,Chioma bụ dọkịta.
food,Today Mary always cooked egg. carefully.,Mary siri akwa.
weather,Mary likes the weather.,Mary hụrụ ihu igwe n'anya.
food,David cooked fish.,David siri azụ.
general,Now Mary really has a table. again.,Mary nwere tebụl.
technology,Today The database very is new.,ụlọ nchekwa data ahụ dị ọhụrụ.
weather,Please Obinna often likes the sun. immediately.,Obinna hụrụ anwụ n'anya.
weather,Today The rain is changing. carefully.,mmiri ozuzo na-agbanwe.
government,Emeka met the minister.,Emeka zutere mịnista.
technology,Quickly Chioma uses always a computer. today.,Chioma na-eji kọmputa.
agriculture,tomato often grows well.,tomato na-eto nke ọma.
technology,Chioma repaired the internet.,Chioma rụziri ịntanet.
general,Today The really car is big. again.,ụgbọala ahụ dị ukwu.
health,Emeka often has typhoid. immediately.,Emeka nwere taịfọd.
agriculture,Today rice really grows well. now.,osikapa na-eto nke ọma.
government,The election was peaceful. today.,Ntuli aka gara nke ọma.
transportation,Grace travelled to Onitsha.,Grace gara Ọnịcha.
transportation,The bicycle arrived early.,igwe kwụ otu ebe rutere n'oge.
health,Today Chinedu really has diabetes. again.,Chinedu nwere shuga.
weather,Kindly Ada always likes the storm. immediately.,Ada hụrụ oke ifufe n'anya.
general,Peter is sometimes a mechanic. now.,Peter bụ onye nrụzi ụgbọala.
agriculture,The farmer planted rice.,Onye ọrụ ugbo kụrụ osikapa.
food,Please Grace often cooked garri. now.,Grace siri garri.
agriculture,Tomorrow The really farmer planted rice. again.,Onye ọrụ ugbo kụrụ osikapa.
transportation,Kindly Ada sometimes boarded a motorcycle. carefully.,Ada banyere ọkada.
business,Obinna bought yam.,Obinna zụtara ji.
general,Kindly Chinedu really works quickly. carefully.,Chinedu na-arụ ọrụ ngwa ngwa.
food,Grace ate yam.,Grace riri ji.
weather,Quickly The often wind is changing. immediately.,ifufe na-agbanwe.
business,Chioma sold the table.,Chioma rere tebụl.
food,Tomorrow bread tastes good. immediately.,achịcha na-atọ ụtọ.
general,Mary works slowly.,Mary na-arụ ọrụ nwayọọ.
general,Today Chinedu has really a chair. again.,Chinedu nwere oche.
weather,Emeka likes the storm.,Emeka hụrụ oke ifufe n'anya.
transportation,Kindly The motorcycle always arrived early. now.,ọkada rutere n'oge.
education,Grace studies in the classroom.,Grace na-amụ na ụlọ klas.
weather,Today There is wind today. now.,ifufe dị taa.
food,Now garri always tastes good.,garri na-atọ ụtọ.
education,Now John always studies in the examination. carefully.,John na-amụ na ule.
education,Please Peter studies in really the library. carefully.,Peter na-amụ na ọba akwụkwọ.
transportation,Obinna travelled to Abuja.,Obinna gara Abuja.
business,Peter sold the bag.,Peter rere akpa.
general,The bag is small.,akpa ahụ dị obere.
agriculture,Ada harvested cassava.,Ada kpọrọ akpụ.
agriculture,Grace harvested cassava.,Grace kpọrọ akpụ.
food,Quickly Grace really cooked meat.,Grace siri anụ.
health,Quickly Obinna visited really the hospital today. again.,Obinna gara ụlọ ọgwụ taa.
agriculture,Quickly David harvested rice. today.,David kpọrọ osikapa.
general,Grace lives in Onitsha.,Grace bi na Ọnịcha.
weather,Tomorrow The storm is changing. now.,oke ifufe na-agbanwe.
food,Ada ate soup.,Ada riri ofe.
technology,The software is new.,sọftụwia ahụ dị ọhụrụ.
agriculture,cocoyam grows well.,ede na-eto nke ọma.
food,Mary ate bread.,Mary riri achịcha.
health,Today Grace really has malaria. again.,Grace nwere iba.
food,Quickly Chinedu really ate bread. carefully.,Chinedu riri achịcha.
general,Peter will eat tomorrow.,Peter ga rie echi.
agriculture,The sometimes farmer planted pepper. today.,Onye ọrụ ugbo kụrụ ose.
government,Kindly The senator sometimes announced a meeting. carefully.,senetọ kwupụtara nzukọ.
agriculture,Now cassava very grows well.,akpụ na-eto nke ọma.
food,Kindly cassava tastes good.,akpụ na-atọ ụtọ.
technology,Tomorrow Chioma repaired the software. again.,Chioma rụziri sọftụwia.
agriculture,Peter harvested pepper.,Peter kpọrọ ose.
transportation,Now Emeka travelled to Owerri. immediately.,Emeka gara Owerri.
government,Ada met the minister.,Ada zutere mịnista.
transportation,Quickly The road often arrived early.,ụzọ rutere n'oge.
transportation,Mary boarded a motorcycle.,Mary banyere ọkada.
transportation,Emeka travelled to Kano.,Emeka gara Kano.
general,John will come tomorrow.,John ga bịa echi.
weather,Now There sometimes is rain today.,mmiri ozuzo dị taa.
education,Now Every mechanic sometimes needs education. immediately.,onye nrụzi ụgbọala niile chọrọ agụmakwụkwọ.
food,Chinedu cooked soup.,Chinedu siri ofe.
business,Tomorrow The trader visited Nigeria. now.,Onye ahịa gara Naịjirịa.
government,The governor always announced a meeting. immediately.,gọvanọ kwupụtara nzukọ.
agriculture,Now tomato always grows well.,tomato na-eto nke ọma.
business,David bought fish.,David zụtara azụ.
transportation,Today Grace sometimes travelled to Owerri. now.,Grace gara Owerri.
agriculture,Mary harvested cocoyam.,Mary kpọrọ ede.
weather,David likes the cloud.,David hụrụ igwe ojii n'anya.
weather,Kindly There very is cloud today. again.,igwe ojii dị taa.
business,Emeka bought fish.,Emeka zụtara azụ.
agriculture,Today The often farmer planted maize.,Onye ọrụ ugbo kụrụ ọka.
health,Obinna visited really the hospital today. carefully.,Obinna gara ụlọ ọgwụ taa.
business,Now The trader very visited Abuja. again.,Onye ahịa gara Abuja.
transportation,Kindly Peter often travelled to Enugu. again.,Peter gara Enugu.
education,Every tailor needs education.,onye akwa niile chọrọ agụmakwụkwọ.
education,Kindly The teacher often is open. now.,onye nkuzi meghere.
general,Today The always car is old. carefully.,ụgbọala ahụ dị ochie.
weather,Now Mary likes very the cloud. now.,Mary hụrụ igwe ojii n'anya.
technology,Obinna uses a mouse.,Obinna na-eji maụs.
business,Quickly The trader visited Owerri. today.,Onye ahịa gara Owerri.
general,Now Mary lives in Onitsha.,Mary bi na Ọnịcha.
transportation,Peter travelled to Onitsha.,Peter gara Ọnịcha.
transportation,Kindly Chinedu always travelled to Nigeria.,Chinedu gara Naịjirịa.
agriculture,Quickly The very farmer planted yam. now.,Onye ọrụ ugbo kụrụ ji.
food,Obinna cooked soup.,Obinna siri ofe.
weather,Kindly The sun very is changing. today.,anwụ na-agbanwe.
weather,There is wind today.,ifufe dị taa.
transportation,Chinedu travelled to Enugu.,Chinedu gara Enugu.
agriculture,Please John harvested pepper. today.,John kpọrọ ose.
agriculture,The farmer planted tomato.,Onye ọrụ ugbo kụrụ tomato.
technology,Now Ada really uses a computer.,Ada na-eji kọmputa.
health,Today Emeka always visited the hospital today.,Emeka gara ụlọ ọgwụ taa.
transportation,Now Chioma travelled to Onitsha.,Chioma gara Ọnịcha.
weather,Please The cloud really is changing. carefully.,igwe ojii na-agbanwe.
agriculture,Kindly The farmer planted tomato. immediately.,Onye ọrụ ugbo kụrụ tomato.
weather,Kindly John really likes the cloud. again.,John hụrụ igwe ojii n'anya.
agriculture,Kindly The sometimes farmer planted maize. carefully.,Onye ọrụ ugbo kụrụ ọka.
agriculture,Kindly The farmer planted vegetable. now.,Onye ọrụ ugbo kụrụ akwukwo nri.
education,Every nurse needs education.,nọọsụ niile chọrọ agụmakwụkwọ.
education,Kindly Obinna very studies in the student.,Obinna na-amụ na nwa akwụkwọ.
government,Kindly The minister always announced a meeting. today.,mịnista kwupụtara nzukọ.
transportation,Now Peter always travelled to Abuja. again.,Peter gara Abuja.
general,The computer is small.,kọmputa ahụ dị obere.
transportation,Kindly Obinna boarded often a airport. today.,Obinna banyere ọdụ ụgbọ elu.
technology,John repaired the database.,John rụziri ụlọ nchekwa data.
transportation,Kindly Grace travelled always to Abuja. carefully.,Grace gara Abuja.
transportation,Today Peter always travelled to Onitsha. again.,Peter gara Ọnịcha.
general,Chioma will go tomorrow.,Chioma ga gaa echi.
education,Tomorrow Obinna very studies in the teacher. carefully.,Obinna na-amụ na onye nkuzi.
general,Quickly The computer is new. carefully.,kọmputa ahụ dị ọhụrụ.
government,Tomorrow The election often was peaceful. again.,Ntuli aka gara nke ọma.
business,Grace sold the book.,Grace rere akwụkwọ.
technology,Now Mary uses a keyboard. again.,Mary na-eji kiibọdụ.
business,Quickly Grace very sold the book.,Grace rere akwụkwọ.
agriculture,Obinna sometimes harvested yam. carefully.,Obinna kpọrọ ji.
health,Chinedu has diabetes.,Chinedu nwere shuga.
general,Mary is a soldier.,Mary bụ onye agha.
transportation,John travelled to Onitsha.,John gara Ọnịcha.
food,Today garri really tastes good. carefully.,garri na-atọ ụtọ.
technology,Now John repaired really the computer. now.,John rụziri kọmputa.
transportation,The car arrived early.,ụgbọala rutere n'oge.
transportation,Quickly Ada very boarded a bus. again.,Ada banyere bọs.
health,Now Ada always has flu. carefully.,Ada nwere oyi.
business,Tomorrow Ada really sold the car. now.,Ada rere ụgbọala.
general,Peter lives in Lagos.,Peter bi na Lagos.
weather,Now The really weather is changing. now.,ihu igwe na-agbanwe.
education,Please Emeka studies in very the student.,Emeka na-amụ na nwa akwụkwọ.
transportation,Now Ada always boarded a bicycle.,Ada banyere igwe kwụ otu ebe.
health,Now The very doctor treated malaria. immediately.,Dọkịta gwọrọ iba.
education,Mary studies in the teacher.,Mary na-amụ na onye nkuzi.
business,Obinna sold the car.,Obinna rere ụgbọala.
education,Today Peter studies very in the examination. today.,Peter na-amụ na ule.
health,Quickly David really has cholera. now.,David nwere kọlera.
education,Now The classroom always is open. immediately.,ụlọ klas meghere.
education,Today Every sometimes doctor needs education. today.,dọkịta niile chọrọ agụmakwụkwọ.
business,Tomorrow The always trader visited Onitsha. immediately.,Onye ahịa gara Ọnịcha.
weather,The weather is changing.,ihu igwe na-agbanwe.
transportation,Ada boarded really a motorcycle.,Ada banyere ọkada.
agriculture,Obinna harvested rice.,Obinna kpọrọ osikapa.
general,David always has a phone. again.,David nwere ekwentị.
technology,John repaired the hardware.,John rụziri họdụwia.
education,Kindly Every soldier very needs education. immediately.,onye agha niile chọrọ agụmakwụkwọ.
education,Today John studies sometimes in the teacher.,John na-amụ na onye nkuzi.
transportation,Kindly The motorcycle often arrived early. today.,ọkada rutere n'oge.
general,Kindly Emeka will always eat tomorrow. again.,Emeka ga rie echi.
government,Now The often governor announced a meeting.,gọvanọ kwupụtara nzukọ.
agriculture,Kindly Mary harvested tomato. immediately.,Mary kpọrọ tomato.
education,Quickly The student is open. again.,nwa akwụkwọ meghere.
agriculture,Peter harvested yam.,Peter kpọrọ ji.
general,Today Chioma sometimes works quickly. today.,Chioma na-arụ ọrụ ngwa ngwa.
health,Chioma always has typhoid. today.,Chioma nwere taịfọd.
food,Today Ada really ate garri. now.,Ada riri garri.
weather,Today Grace always likes the cloud. again.,Grace hụrụ igwe ojii n'anya.
general,Mary lives in Nigeria.,Mary bi na Naịjirịa.
government,Grace met the senator.,Grace zutere senetọ.
transportation,Obinna boarded a bicycle.,Obinna banyere igwe kwụ otu ebe.
general,The sometimes table is new.,tebụl ahụ dị ọhụrụ.
food,John cooked garri.,John siri garri.
education,Today The teacher very is open. carefully.,onye nkuzi meghere.
technology,Peter uses a hardware.,Peter na-eji họdụwia.
weather,Please There is really rain today. immediately.,mmiri ozuzo dị taa.
general,Obinna works carefully.,Obinna na-arụ ọrụ nlezianya.
general,Today Peter will learn tomorrow. now.,Peter ga mụ echi.
education,Quickly The assignment often is open. again.,ọrụ ụlọ meghere.
transportation,John really travelled to Owerri. immediately.,John gara Owerri.
business,Grace often sold the book. today.,Grace rere akwụkwọ.
government,Tomorrow David often met the government. again.,David zutere gọọmenti.
general,Obinna is a teacher.,Obinna bụ onye nkuzi.
food,Mary cooked egg.,Mary siri akwa.
health,John has cholera.,John nwere kọlera.
general,Kindly The computer always is small. today.,kọmputa ahụ dị obere.
business,Peter bought cassava.,Peter zụtara akpụ.
general,Now David is really a teacher. now.,David bụ onye nkuzi.
education,Now Every farmer often needs education. immediately.,onye ọrụ ugbo niile chọrọ agụmakwụkwọ.
agriculture,The very farmer planted yam. again.,Onye ọrụ ugbo kụrụ ji.
government,Tomorrow The often election was peaceful. carefully.,Ntuli aka gara nke ọma.
business,Now The trader really visited Lagos.,Onye ahịa gara Lagos.
transportation,Today Chinedu travelled sometimes to Enugu. immediately.,Chinedu gara Enugu.
agriculture,Quickly maize always grows well. again.,ọka na-eto nke ọma.
food,Obinna ate rice.,Obinna riri osikapa.
government,David met sometimes the governor. again.,David zutere gọvanọ.
technology,Tomorrow Emeka often repaired the computer.,Emeka rụziri kọmputa.
weather,Please The wind is changing. carefully.,ifufe na-agbanwe.
food,Tomorrow yam often tastes good.,ji na-atọ ụtọ.
food,yam tastes good.,ji na-atọ ụtọ.
education,Chioma studies in the library.,Chioma na-amụ na ọba akwụkwọ.
government,Obinna met the election.,Obinna zutere ntuli aka.
weather,Kindly John likes always the rain. again.,John hụrụ mmiri ozuzo n'anya.
agriculture,Now The often farmer planted rice.,Onye ọrụ ugbo kụrụ osikapa.
government,Tomorrow The minister announced often a meeting. today.,mịnista kwupụtara nzukọ.
transportation,Emeka travelled very to Lagos. today.,Emeka gara Lagos.
business,Now David sold the car. immediately.,David rere ụgbọala.
agriculture,Kindly cassava sometimes grows well. carefully.,akpụ na-eto nke ọma.
government,Please The often election was peaceful. now.,Ntuli aka gara nke ọma.
technology,Please Mary often uses a mouse. immediately.,Mary na-eji maụs.
weather,John likes the rain.,John hụrụ mmiri ozuzo n'anya.
technology,Today Ada uses really a website.,Ada na-eji weebụsaịtị.
agriculture,Please tomato really grows well. immediately.,tomato na-eto nke ọma.
transportation,Today The bicycle often arrived early.,igwe kwụ otu ebe rutere n'oge.
education,Kindly Every trader sometimes needs education. today.,onye ahịa niile chọrọ agụmakwụkwọ.
business,Now Obinna sometimes sold the chair. again.,Obinna rere oche.
weather,There always is storm today. again.,oke ifufe dị taa.
business,Quickly Obinna sold sometimes the car. today.,Obinna rere ụgbọala.
government,Please Mary met sometimes the government. again.,Mary zutere gọọmenti.
food,meat tastes good.,anụ na-atọ ụtọ.
government,Now The election often was peaceful. now.,Ntuli aka gara nke ọma.
food,Quickly meat often tastes good. now.,anụ na-atọ ụtọ.
technology,Tomorrow The sometimes database is new. immediately.,ụlọ nchekwa data ahụ dị ọhụrụ.
health,Quickly John really has diabetes. today.,John nwere shuga.
general,Today Peter always works well. today.,Peter na-arụ ọrụ nke ọma.
technology,Chioma uses a hardware.,Chioma na-eji họdụwia.
technology,Today The hardware always is new. immediately.,họdụwia ahụ dị ọhụrụ.
education,Please David very studies in the school.,David na-amụ na ụlọ akwụkwọ.
business,David sold the bag.,David rere akpa.
food,Today Chioma always ate cassava.,Chioma riri akpụ.
food,Emeka really cooked garri. again.,Emeka siri garri.
health,Tomorrow Obinna always has cholera. now.,Obinna nwere kọlera.
weather,David likes the weather.,David hụrụ ihu igwe n'anya.
education,Kindly Grace studies often in the assignment. today.,Grace na-amụ na ọrụ ụlọ.
general,John very works carefully. now.,John na-arụ ọrụ nlezianya.
business,Obinna bought beans.,Obinna zụtara agwa.
agriculture,Tomorrow Peter always harvested rice. again.,Peter kpọrọ osikapa.
business,Emeka bought meat.,Emeka zụtara anụ.
business,The trader really visited Enugu. again.,Onye ahịa gara Enugu.
weather,Now Emeka always likes the sun.,Emeka hụrụ anwụ n'anya.
education,Kindly Obinna studies very in the library.,Obinna na-amụ na ọba akwụkwọ.
education,The classroom is open.,ụlọ klas meghere.
technology,Grace uses a database.,Grace na-eji ụlọ nchekwa data.
food,Kindly Ada cooked beans. again.,Ada siri agwa.
transportation,John travelled to Abuja.,John gara Abuja.
food,meat really tastes good. immediately.,anụ na-atọ ụtọ.
transportation,Today Chinedu boarded sometimes a airport. immediately.,Chinedu banyere ọdụ ụgbọ elu.
food,Mary ate fish.,Mary riri azụ.
education,Quickly Every tailor always needs education. now.,onye akwa niile chọrọ agụmakwụkwọ.
transportation,Peter travelled to Enugu.,Peter gara Enugu.
government,Tomorrow The election often was peaceful. carefully.,Ntuli aka gara nke ọma.
transportation,Today Mary sometimes travelled to Onitsha. now.,Mary gara Ọnịcha.
weather,Tomorrow David likes the cloud. again.,David hụrụ igwe ojii n'anya.
general,The chair very is small.,oche ahụ dị obere.
general,Today Obinna lives always in Onitsha. now.,Obinna bi na Ọnịcha.
agriculture,The farmer sometimes planted rice.,Onye ọrụ ugbo kụrụ osikapa.
agriculture,Emeka harvested yam.,Emeka kpọrọ ji.
food,Kindly Grace cooked soup.,Grace siri ofe.
education,Ada studies in the school.,Ada na-amụ na ụlọ akwụkwọ.
education,The assignment is open.,ọrụ ụlọ meghere.
weather,Today David really likes the cloud. today.,David hụrụ igwe ojii n'anya.
technology,Obinna repaired the database.,Obinna rụziri ụlọ nchekwa data.
government,Please Peter met the minister. today.,Peter zutere mịnista.
technology,Chinedu uses a software.,Chinedu na-eji sọftụwia.
health,Kindly The doctor treated fever.,Dọkịta gwọrọ ahụ ọkụ.
technology,Grace always repaired the database. again.,Grace rụziri ụlọ nchekwa data.
business,Obinna bought rice.,Obinna zụtara osikapa.
government,Tomorrow The election always announced a meeting. now.,ntuli aka kwupụtara nzukọ.
health,Mary visited often the hospital today. immediately.,Mary gara ụlọ ọgwụ taa.
government,Now The always governor announced a meeting. today.,gọvanọ kwupụtara nzukọ.
business,Now The trader really visited Onitsha.,Onye ahịa gara Ọnịcha.
agriculture,Kindly The farmer really planted vegetable.,Onye ọrụ ugbo kụrụ akwukwo nri.
general,Kindly Peter is a programmer. carefully.,Peter bụ onye mmemme kọmputa.
business,Quickly The often trader visited Kano. carefully.,Onye ahịa gara Kano.
weather,Please The rain often is changing. immediately.,mmiri ozuzo na-agbanwe.
education,Please Every chef really needs education. again.,onye isi nri niile chọrọ agụmakwụkwọ.
business,Today The trader visited Onitsha.,Onye ahịa gara Ọnịcha.
agriculture,Now The really farmer planted cassava. again.,Onye ọrụ ugbo kụrụ akpụ.
transportation,Peter boarded a bicycle.,Peter banyere igwe kwụ otu ebe.
transportation,Today David boarded a airport. carefully.,David banyere ọdụ ụgbọ elu.
health,David has typhoid.,David nwere taịfọd.
health,Please Ada visited the sometimes hospital today.,Ada gara ụlọ ọgwụ taa.
education,Every trader needs education.,onye ahịa niile chọrọ agụmakwụkwọ.
general,Now Emeka has a book. immediately.,Emeka nwere akwụkwọ.
general,Please Grace lives in Onitsha. immediately.,Grace bi na Ọnịcha.
business,Grace bought rice.,Grace zụtara osikapa.
agriculture,Kindly Emeka often harvested yam. immediately.,Emeka kpọrọ ji.
general,Kindly Chinedu always works quickly. again.,Chinedu na-arụ ọrụ ngwa ngwa.
agriculture,Tomorrow tomato very grows well. today.,tomato na-eto nke ọma.
education,Tomorrow Every often mechanic needs education. carefully.,onye nrụzi ụgbọala niile chọrọ agụmakwụkwọ.
government,Now Obinna met sometimes the president. immediately.,Obinna zutere onye isi ala.
general,Chinedu has a table.,Chinedu nwere tebụl.
health,Chioma visited sometimes the hospital today.,Chioma gara ụlọ ọgwụ taa.
technology,Quickly Chioma uses often a database. carefully.,Chioma na-eji ụlọ nchekwa data.
general,David has a phone.,David nwere ekwentị.
food,Tomorrow John often cooked garri. today.,John siri garri.
technology,Emeka repaired the database.,Emeka rụziri ụlọ nchekwa data.
agriculture,Kindly The farmer always planted yam. immediately.,Onye ọrụ ugbo kụrụ ji.
food,Peter cooked meat.,Peter siri anụ.
general,Ada is a mechanic.,Ada bụ onye nrụzi ụgbọala.
agriculture,Quickly Chioma harvested cocoyam. again.,Chioma kpọrọ ede.
health,Kindly The doctor sometimes treated typhoid. now.,Dọkịta gwọrọ taịfọd.
transportation,Kindly The road often arrived early. immediately.,ụzọ rutere n'oge.
general,Mary will eat tomorrow.,Mary ga rie echi.
transportation,Chinedu really boarded a motorcycle.,Chinedu banyere ọkada.
transportation,Now Chinedu always travelled to Lagos.,Chinedu gara Lagos.
general,Tomorrow Obinna is a trader. today.,Obinna bụ onye ahịa.
general,Quickly Peter really is a chef. today.,Peter bụ onye isi nri.
general,Obinna works quickly.,Obinna na-arụ ọrụ ngwa ngwa.
weather,Please The very cloud is changing. again.,igwe ojii na-agbanwe.
technology,Please Chinedu repaired the website. immediately.,Chinedu rụziri weebụsaịtị.
education,David often studies in the library. today.,David na-amụ na ọba akwụkwọ.
transportation,Chinedu boarded a bus.,Chinedu banyere bọs.
technology,Kindly Chioma uses always a mouse. carefully.,Chioma na-eji maụs.
technology,Quickly The software is new. again.,sọftụwia ahụ dị ọhụrụ.
food,Quickly Ada really cooked egg. carefully.,Ada siri akwa.
technology,Today Mary uses often a keyboard.,Mary na-eji kiibọdụ.
health,Ada has fever.,Ada nwere ahụ ọkụ.
general,Tomorrow David always works quickly.,David na-arụ ọrụ ngwa ngwa.
education,Tomorrow Chinedu often studies in the student.,Chinedu na-amụ na nwa akwụkwọ.
transportation,Quickly David boarded sometimes a bicycle. today.,David banyere igwe kwụ otu ebe.
transportation,Tomorrow Obinna boarded really a car. again.,Obinna banyere ụgbọala.
general,Kindly Peter is always a engineer. immediately.,Peter bụ injinia.
agriculture,Now tomato very grows well. carefully.,tomato na-eto nke ọma.
education,Please The assignment is open.,ọrụ ụlọ meghere.
agriculture,Kindly cassava very grows well. again.,akpụ na-eto nke ọma.
government,Quickly The sometimes election announced a meeting. immediately.,ntuli aka kwupụtara nzukọ.
weather,Today There is really cloud today. immediately.,igwe ojii dị taa.
weather,Quickly The sun often is changing. carefully.,anwụ na-agbanwe.
business,Today The trader often visited Onitsha. again.,Onye ahịa gara Ọnịcha.
business,Please The trader very visited Onitsha. immediately.,Onye ahịa gara Ọnịcha.
general,Quickly Emeka often lives in Kano. immediately.,Emeka bi na Kano.
technology,Please Peter sometimes uses a keyboard. immediately.,Peter na-eji kiibọdụ.
education,Tomorrow John studies always in the teacher. now.,John na-amụ na onye nkuzi.
technology,Chinedu uses a website.,Chinedu na-eji weebụsaịtị.
education,Peter studies in the student.,Peter na-amụ na nwa akwụkwọ.
transportation,Now Mary boarded a bus. again.,Mary banyere bọs.
agriculture,Chinedu harvested maize.,Chinedu kpọrọ ọka.
agriculture,John harvested pepper.,John kpọrọ ose.
food,Kindly Chioma often ate cassava. carefully.,Chioma riri akpụ.
technology,Grace uses really a mouse. now.,Grace na-eji maụs.
food,Kindly Emeka really cooked meat. again.,Emeka siri anụ.
general,Chioma is a doctor.,Chioma bụ dọkịta.
education,Please Ada sometimes studies in the classroom. today.,Ada na-amụ na ụlọ klas.
education,Today The student sometimes is open. now.,nwa akwụkwọ meghere.
general,Obinna lives in Onitsha.,Obinna bi na Ọnịcha.
transportation,Now Ada sometimes boarded a motorcycle. immediately.,Ada banyere ọkada.
general,Please Grace sometimes will sell tomorrow. now.,Grace ga ree echi.
food,Mary often ate bread.,Mary riri achịcha.
general,Please Peter often works carefully. immediately.,Peter na-arụ ọrụ nlezianya.
business,Quickly Chinedu very bought egg.,Chinedu zụtara akwa.
transportation,The sometimes road arrived early.,ụzọ rutere n'oge.
transportation,Tomorrow Emeka often travelled to Kano. carefully.,Emeka gara Kano.
general,Now John has really a computer. immediately.,John nwere kọmputa.
business,Now Chinedu really bought egg. immediately.,Chinedu zụtara akwa.
general,Now Mary is sometimes a doctor.,Mary bụ dọkịta.
agriculture,Today The farmer very planted cassava. again.,Onye ọrụ ugbo kụrụ akpụ.
food,soup sometimes tastes good. today.,ofe na-atọ ụtọ.
general,Chioma lives in Kano.,Chioma bi na Kano.
technology,Chinedu repaired the database.,Chinedu rụziri ụlọ nchekwa data.
government,Quickly The minister announced a meeting. again.,mịnista kwupụtara nzukọ.
general,Obinna has a bag.,Obinna nwere akpa.
technology,Now Mary sometimes uses a hardware. today.,Mary na-eji họdụwia.
technology,Chioma uses a keyboard.,Chioma na-eji kiibọdụ.
technology,The software is new. carefully.,sọftụwia ahụ dị ọhụrụ.
general,Peter is a teacher.,Peter bụ onye nkuzi.
transportation,Please Obinna travelled to Enugu. immediately.,Obinna gara Enugu.
general,Now Ada works carefully. carefully.,Ada na-arụ ọrụ nlezianya.
health,Ada has malaria.,Ada nwere iba.
technology,Today Chinedu repaired very the hardware. now.,Chinedu rụziri họdụwia.
technology,Tomorrow Ada uses often a keyboard. again.,Ada na-eji kiibọdụ.
transportation,The road very arrived early. immediately.,ụzọ rutere n'oge.
agriculture,Now maize grows well. today.,ọka na-eto nke ọma.
education,The student always is open.,nwa akwụkwọ meghere.
general,Emeka will eat tomorrow.,Emeka ga rie echi.
business,Today Emeka always bought meat. carefully.,Emeka zụtara anụ.
food,Now Obinna sometimes cooked cassava. today.,Obinna siri akpụ.
health,Now Obinna often has fever. immediately.,Obinna nwere ahụ ọkụ.
business,David bought soup.,David zụtara ofe.
health,Chinedu has malaria.,Chinedu nwere iba.
food,Now Emeka cooked cassava. today.,Emeka siri akpụ.
technology,Grace uses a keyboard.,Grace na-eji kiibọdụ.
general,Ada is a trader.,Ada bụ onye ahịa.
government,Please The president announced a meeting. today.,onye isi ala kwupụtara nzukọ.
agriculture,Now rice often grows well.,osikapa na-eto nke ọma.
food,Mary ate garri.,Mary riri garri.
business,Kindly Obinna sold very the chair. carefully.,Obinna rere oche.
food,Quickly Grace cooked egg. again.,Grace siri akwa.
education,Tomorrow Mary studies in the school. again.,Mary na-amụ na ụlọ akwụkwọ.
food,David ate bread.,David riri achịcha.
weather,Now David likes always the cloud.,David hụrụ igwe ojii n'anya.
business,Obinna always sold the computer. immediately.,Obinna rere kọmputa.
technology,Tomorrow Peter very repaired the computer. now.,Peter rụziri kọmputa.
business,Kindly Ada often bought rice. today.,Ada zụtara osikapa.
health,Mary has cholera.,Mary nwere kọlera.
general,Please Peter really works well. now.,Peter na-arụ ọrụ nke ọma.
food,Today egg very tastes good. today.,akwa na-atọ ụtọ.
business,Mary bought soup.,Mary zụtara ofe.
technology,Tomorrow Emeka uses very a computer. again.,Emeka na-eji kọmputa.
government,David met the minister.,David zutere mịnista.
education,Emeka studies in the library. today.,Emeka na-amụ na ọba akwụkwọ.
education,Now The student is open. today.,nwa akwụkwọ meghere.
government,The election often was peaceful. again.,Ntuli aka gara nke ọma.
business,Quickly The trader sometimes visited Nigeria. carefully.,Onye ahịa gara Naịjirịa.
weather,John likes the cloud.,John hụrụ igwe ojii n'anya.
agriculture,Now Chinedu harvested vegetable.,Chinedu kpọrọ akwukwo nri.
general,David lives in Lagos.,David bi na Lagos.
business,Now The sometimes trader visited Lagos. again.,Onye ahịa gara Lagos.
food,Please rice often tastes good. today.,osikapa na-atọ ụtọ.
health,Please The doctor treated diabetes.,Dọkịta gwọrọ shuga.
weather,There very is storm today. today.,oke ifufe dị taa.
technology,Kindly Chioma uses a software. today.,Chioma na-eji sọftụwia.
education,Every chef needs education.,onye isi nri niile chọrọ agụmakwụkwọ.
general,Chinedu lives in Onitsha.,Chinedu bi na Ọnịcha.
agriculture,tomato grows well.,tomato na-eto nke ọma.
weather,Tomorrow The very rain is changing. today.,mmiri ozuzo na-agbanwe.
government,Mary met the president.,Mary zutere onye isi ala.
food,Chioma ate beans.,Chioma riri agwa.
technology,Tomorrow Grace sometimes uses a internet. again.,Grace na-eji ịntanet.
food,Ada ate fish.,Ada riri azụ.
food,Kindly egg sometimes tastes good.,akwa na-atọ ụtọ.
government,John met the government.,John zutere gọọmenti.
agriculture,Chioma harvested maize.,Chioma kpọrọ ọka.
health,Chinedu visited the hospital today.,Chinedu gara ụlọ ọgwụ taa.
government,Obinna met the governor.,Obinna zutere gọvanọ.
general,Ada is a doctor.,Ada bụ dọkịta.
food,Now meat tastes good. today.,anụ na-atọ ụtọ.
government,Today The really election was peaceful. now.,Ntuli aka gara nke ọma.
education,Quickly Every always police officer needs education.,onye uwe ojii niile chọrọ agụmakwụkwọ.
government,Now The really governor announced a meeting. today.,gọvanọ kwupụtara nzukọ.
agriculture,Kindly vegetable always grows well. immediately.,akwukwo nri na-eto nke ọma.
general,Kindly Ada very lives in Abuja. again.,Ada bi na Abuja.
transportation,Today The car arrived early.,ụgbọala rutere n'oge.
agriculture,Please The farmer often planted pepper. immediately.,Onye ọrụ ugbo kụrụ ose.
health,Tomorrow The doctor treated diabetes.,Dọkịta gwọrọ shuga.
health,Tomorrow Mary very has cholera. today.,Mary nwere kọlera.
education,Now Peter very studies in the student. now.,Peter na-amụ na nwa akwụkwọ.
technology,Tomorrow The really mouse is new. carefully.,maụs ahụ dị ọhụrụ.
transportation,The always airport arrived early. carefully.,ọdụ ụgbọ elu rutere n'oge.
food,Today Grace really ate cassava. again.,Grace riri akpụ.
government,Now The always minister announced a meeting. carefully.,mịnista kwupụtara nzukọ.
business,Kindly John sold often the bag. immediately.,John rere akpa.
agriculture,Now Chinedu really harvested cocoyam. carefully.,Chinedu kpọrọ ede.
business,Mary bought beans.,Mary zụtara agwa.
health,The doctor sometimes treated typhoid. now.,Dọkịta gwọrọ taịfọd.
health,Quickly John really has diabetes. carefully.,John nwere shuga.
health,Kindly The doctor treated fever. now.,Dọkịta gwọrọ ahụ ọkụ.
technology,Mary uses a database.,Mary na-eji ụlọ nchekwa data.
technology,Please Ada uses often a mouse. carefully.,Ada na-eji maụs.
food,Kindly Obinna very cooked soup. immediately.,Obinna siri ofe.
food,Please beans always tastes good. today.,agwa na-atọ ụtọ.
health,Please Peter always visited the hospital today. today.,Peter gara ụlọ ọgwụ taa.
transportation,Tomorrow David often boarded a car. now.,David banyere ụgbọala.
transportation,Grace travelled to Owerri.,Grace gara Owerri.
education,Today The classroom is open. immediately.,ụlọ klas meghere.
agriculture,Now The farmer planted cocoyam. carefully.,Onye ọrụ ugbo kụrụ ede.
technology,Emeka repaired the software.,Emeka rụziri sọftụwia.
agriculture,Peter harvested vegetable.,Peter kpọrọ akwukwo nri.
general,Chinedu will really write tomorrow. now.,Chinedu ga dee echi.
agriculture,Kindly The very farmer planted maize. today.,Onye ọrụ ugbo kụrụ ọka.
education,Chinedu studies in the classroom.,Chinedu na-amụ na ụlọ klas.
weather,Please There is always wind today. again.,ifufe dị taa.
transportation,The airport arrived early.,ọdụ ụgbọ elu rutere n'oge.
food,Now egg really tastes good. today.,akwa na-atọ ụtọ.
food,Mary ate beans.,Mary riri agwa.
technology,Chioma repaired the software.,Chioma rụziri sọftụwia.
weather,Please The always sun is changing. immediately.,anwụ na-agbanwe.
agriculture,Now The very farmer planted cassava. now.,Onye ọrụ ugbo kụrụ akpụ.
general,Chinedu will write tomorrow.,Chinedu ga dee echi.
education,David studies in the library.,David na-amụ na ọba akwụkwọ.
weather,Mary likes the storm.,Mary hụrụ oke ifufe n'anya.
business,Today The trader visited Onitsha. today.,Onye ahịa gara Ọnịcha.
health,Kindly The doctor often treated typhoid.,Dọkịta gwọrọ taịfọd.
general,Peter lives really in Lagos. now.,Peter bi na Lagos.
weather,Now The always wind is changing. carefully.,ifufe na-agbanwe.
weather,Quickly Mary likes very the cloud. again.,Mary hụrụ igwe ojii n'anya.
education,Every nurse very needs education. again.,nọọsụ niile chọrọ agụmakwụkwọ.
transportation,Now Ada travelled really to Lagos. again.,Ada gara Lagos.
technology,Now Chinedu repaired really the keyboard. immediately.,Chinedu rụziri kiibọdụ.
government,Kindly The election was peaceful. now.,Ntuli aka gara nke ọma.
food,Quickly Mary really ate meat. immediately.,Mary riri anụ.
general,Tomorrow Peter will very read tomorrow. now.,Peter ga gụọ echi.
food,Chioma ate soup.,Chioma riri ofe.
general,Emeka works quickly.,Emeka na-arụ ọrụ ngwa ngwa.
general,David works slowly.,David na-arụ ọrụ nwayọọ.
business,John sold the phone.,John rere ekwentị.
food,Ada ate beans.,Ada riri agwa.
weather,Please Mary likes often the sun. immediately.,Mary hụrụ anwụ n'anya.
food,Kindly rice really tastes good. again.,osikapa na-atọ ụtọ.
education,Now The school really is open. today.,ụlọ akwụkwọ meghere.
transportation,Emeka boarded a motorcycle.,Emeka banyere ọkada.
education,Obinna studies in the teacher.,Obinna na-amụ na onye nkuzi.
agriculture,Tomorrow yam really grows well. again.,ji na-eto nke ọma.
agriculture,Now The farmer often planted tomato. immediately.,Onye ọrụ ugbo kụrụ tomato.
weather,There is sun today. now.,anwụ dị taa.
weather,Kindly The sun is changing. carefully.,anwụ na-agbanwe.
technology,The always hardware is new. immediately.,họdụwia ahụ dị ọhụrụ.
food,Quickly garri tastes good. again.,garri na-atọ ụtọ.
technology,Today The sometimes website is new. now.,weebụsaịtị ahụ dị ọhụrụ.
education,Kindly Chinedu studies in often the teacher. immediately.,Chinedu na-amụ na onye nkuzi.
government,The election announced a meeting.,ntuli aka kwupụtara nzukọ.
business,Quickly The trader often visited Enugu. immediately.,Onye ahịa gara Enugu.
general,Today Emeka sometimes works quickly. again.,Emeka na-arụ ọrụ ngwa ngwa.
government,Quickly The election was peaceful. immediately.,Ntuli aka gara nke ọma.
transportation,Obinna boarded a airport.,Obinna banyere ọdụ ụgbọ elu.
government,Kindly The senator announced sometimes a meeting. today.,senetọ kwupụtara nzukọ.
education,David studies in the school.,David na-amụ na ụlọ akwụkwọ.
government,Now The government sometimes announced a meeting.,gọọmenti kwupụtara nzukọ.
general,Today John lives often in Nigeria. today.,John bi na Naịjirịa.
transportation,Chinedu travelled to Lagos.,Chinedu gara Lagos.
general,Kindly Chinedu really has a computer. now.,Chinedu nwere kọmputa.
agriculture,Now yam very grows well. now.,ji na-eto nke ọma.
technology,Kindly Emeka always repaired the software.,Emeka rụziri sọftụwia.
technology,Ada repaired the keyboard.,Ada rụziri kiibọdụ.
agriculture,Tomorrow cocoyam really grows well.,ede na-eto nke ọma.
agriculture,Please The farmer planted cassava. today.,Onye ọrụ ugbo kụrụ akpụ.
agriculture,Now The farmer planted vegetable.,Onye ọrụ ugbo kụrụ akwukwo nri.
technology,John always repaired the computer. today.,John rụziri kọmputa.
weather,Now The rain is changing. now.,mmiri ozuzo na-agbanwe.
technology,Chioma uses a computer.,Chioma na-eji kọmputa.
general,Chioma works quickly.,Chioma na-arụ ọrụ ngwa ngwa.
food,David cooked garri.,David siri garri.
government,The president announced a meeting.,onye isi ala kwupụtara nzukọ.
food,Peter ate soup.,Peter riri ofe.
business,Today The trader often visited Kano.,Onye ahịa gara Kano.
health,Today Obinna visited very the hospital today. immediately.,Obinna gara ụlọ ọgwụ taa.
food,Now Grace always cooked meat. now.,Grace siri anụ.
transportation,Please Chinedu always boarded a airport.,Chinedu banyere ọdụ ụgbọ elu.
general,Kindly Mary really will eat tomorrow. carefully.,Mary ga rie echi.
education,Today Mary studies in really the assignment. now.,Mary na-amụ na ọrụ ụlọ.
general,Grace has a chair.,Grace nwere oche.
education,Chinedu studies in the library.,Chinedu na-amụ na ọba akwụkwọ.
weather,Please The rain always is changing. now.,mmiri ozuzo na-agbanwe.
food,Kindly egg sometimes tastes good. immediately.,akwa na-atọ ụtọ.
general,Kindly John will really sell tomorrow. carefully.,John ga ree echi.
business,Grace sold the table.,Grace rere tebụl.
business,Kindly The trader really visited Onitsha. immediately.,Onye ahịa gara Ọnịcha.
business,Tomorrow Chinedu sometimes sold the chair. now.,Chinedu rere oche.
weather,There often is cloud today. again.,igwe ojii dị taa.
education,Tomorrow Mary studies in always the student. now.,Mary na-amụ na nwa akwụkwọ.
agriculture,Chioma harvested pepper.,Chioma kpọrọ ose.
technology,Now Chinedu repaired very the keyboard. immediately.,Chinedu rụziri kiibọdụ.
health,Now Peter always has typhoid. today.,Peter nwere taịfọd.
agriculture,Kindly Chioma harvested maize. now.,Chioma kpọrọ ọka.
health,Quickly The doctor treated malaria. immediately.,Dọkịta gwọrọ iba.
education,Tomorrow Mary studies very in the library. now.,Mary na-amụ na ọba akwụkwọ.
business,Please Ada sold the bag. immediately.,Ada rere akpa.
technology,Kindly Emeka always uses a website. today.,Emeka na-eji weebụsaịtị.
food,Kindly Emeka ate meat. again.,Emeka riri anụ.
transportation,Peter boarded a motorcycle.,Peter banyere ọkada.
business,David often bought fish. carefully.,David zụtara azụ.
government,Please Chinedu met very the election. today.,Chinedu zutere ntuli aka.
agriculture,Today David often harvested cassava. immediately.,David kpọrọ akpụ.
government,Grace met the government.,Grace zutere gọọmenti.
agriculture,Now Peter always harvested yam. immediately.,Peter kpọrọ ji.
transportation,David travelled to Lagos.,David gara Lagos.
food,Please Obinna often ate egg. immediately.,Obinna riri akwa.
food,Now Chioma always ate fish. immediately.,Chioma riri azụ.
health,Chioma has flu.,Chioma nwere oyi.
general,Please Obinna very is a electrician.,Obinna bụ onye ọkụ eletrik.
business,Today The trader sometimes visited Enugu. again.,Onye ahịa gara Enugu.
general,Peter lives in Onitsha.,Peter bi na Ọnịcha.
agriculture,Kindly Emeka always harvested cocoyam. now.,Emeka kpọrọ ede.
general,Today The phone is new. again.,ekwentị ahụ dị ọhụrụ.
technology,Chinedu often repaired the hardware. carefully.,Chinedu rụziri họdụwia.
health,John has diabetes.,John nwere shuga.
transportation,John travelled to Owerri.,John gara Owerri.
agriculture,Tomorrow The sometimes farmer planted pepper. again.,Onye ọrụ ugbo kụrụ ose.
agriculture,pepper really grows well. now.,ose na-eto nke ọma.
food,Emeka very cooked bread. again.,Emeka siri achịcha.
health,The doctor very treated typhoid. immediately.,Dọkịta gwọrọ taịfọd.
agriculture,The always farmer planted rice. immediately.,Onye ọrụ ugbo kụrụ osikapa.
health,Please Grace has typhoid. now.,Grace nwere taịfọd.
agriculture,Tomorrow Mary always harvested tomato. carefully.,Mary kpọrọ tomato.
government,Grace sometimes met the president. again.,Grace zutere onye isi ala.
education,Tomorrow The student is open. carefully.,nwa akwụkwọ meghere.
business,Tomorrow The trader visited Abuja. again.,Onye ahịa gara Abuja.
general,Tomorrow Obinna has always a chair.,Obinna nwere oche.
business,Peter sold the chair.,Peter rere oche.
business,Kindly David always bought soup. today.,David zụtara ofe.
business,Now David sold the computer. today.,David rere kọmputa.
weather,Quickly There often is sun today.,anwụ dị taa.
government,Obinna met the president.,Obinna zutere onye isi ala.
technology,The mouse very is new.,maụs ahụ dị ọhụrụ.
health,Quickly The doctor often treated typhoid. now.,Dọkịta gwọrọ taịfọd.
transportation,Please Mary boarded a bus. immediately.,Mary banyere bọs.
general,Kindly Mary has always a book.,Mary nwere akwụkwọ.
technology,Today Mary repaired the hardware. today.,Mary rụziri họdụwia.
government,Please The often election was peaceful. immediately.,Ntuli aka gara nke ọma.
general,Chioma lives in Abuja.,Chioma bi na Abuja.
technology,Today Emeka uses sometimes a database. immediately.,Emeka na-eji ụlọ nchekwa data.
agriculture,Emeka harvested rice.,Emeka kpọrọ osikapa.
technology,Please The always keyboard is new. today.,kiibọdụ ahụ dị ọhụrụ.
general,Please The sometimes chair is fast. again.,oche ahụ dị ngwa ngwa.
general,Peter lives in Owerri.,Peter bi na Owerri.
government,Today Ada always met the government.,Ada zutere gọọmenti.
general,Today Obinna will always sell tomorrow. today.,Obinna ga ree echi.
health,Now The very doctor treated diabetes. again.,Dọkịta gwọrọ shuga.
weather,Please The sometimes cloud is changing. carefully.,igwe ojii na-agbanwe.
agriculture,Tomorrow Ada always harvested cocoyam. today.,Ada kpọrọ ede.
business,Emeka bought beans.,Emeka zụtara agwa.
education,Every really engineer needs education. carefully.,injinia niile chọrọ agụmakwụkwọ.
agriculture,Please Obinna sometimes harvested tomato. now.,Obinna kpọrọ tomato.
transportation,Ada boarded a bus.,Ada banyere bọs.
agriculture,Quickly The very farmer planted rice. carefully.,Onye ọrụ ugbo kụrụ osikapa.
transportation,Kindly Chinedu very boarded a bicycle.,Chinedu banyere igwe kwụ otu ebe.
food,Kindly meat really tastes good.,anụ na-atọ ụtọ.
business,Ada bought rice.,Ada zụtara osikapa.
food,Now Chioma sometimes cooked garri. today.,Chioma siri garri.
food,Today Chioma often cooked rice. now.,Chioma siri osikapa.
transportation,Today The very airport arrived early. today.,ọdụ ụgbọ elu rutere n'oge.
business,Chinedu sold the chair.,Chinedu rere oche.
food,Chioma ate meat.,Chioma riri anụ.
general,Please Peter will write tomorrow. now.,Peter ga dee echi.
business,The trader visited Nigeria.,Onye ahịa gara Naịjirịa.
education,Emeka studies in the library.,Emeka na-amụ na ọba akwụkwọ.
technology,Ada repaired the website.,Ada rụziri weebụsaịtị.
weather,Now There sometimes is weather today.,ihu igwe dị taa.
government,Grace met the president.,Grace zutere onye isi ala.
agriculture,Now Chinedu sometimes harvested cassava. carefully.,Chinedu kpọrọ akpụ.
health,John visited the hospital today.,John gara ụlọ ọgwụ taa.
general,John has a computer.,John nwere kọmputa.
food,Tomorrow David sometimes cooked cassava. now.,David siri akpụ.
health,Grace visited the hospital today.,Grace gara ụlọ ọgwụ taa.
education,Now Every teacher often needs education. again.,onye nkuzi niile chọrọ agụmakwụkwọ.
technology,Today The very hardware is new. again.,họdụwia ahụ dị ọhụrụ.
technology,Ada repaired the software.,Ada rụziri sọftụwia.
food,rice sometimes tastes good. today.,osikapa na-atọ ụtọ.
government,Please The governor really announced a meeting. again.,gọvanọ kwupụtara nzukọ.
weather,The cloud is changing.,igwe ojii na-agbanwe.
food,Chioma ate cassava.,Chioma riri akpụ.
agriculture,Now The farmer planted maize. immediately.,Onye ọrụ ugbo kụrụ ọka.
government,Today The election always was peaceful. immediately.,Ntuli aka gara nke ọma.
food,Tomorrow Peter often cooked meat. now.,Peter siri anụ.
weather,Quickly The sun always is changing. immediately.,anwụ na-agbanwe.
technology,Quickly Ada uses always a website. carefully.,Ada na-eji weebụsaịtị.
health,Now Emeka visited very the hospital today.,Emeka gara ụlọ ọgwụ taa.
agriculture,The farmer sometimes planted tomato. again.,Onye ọrụ ugbo kụrụ tomato.
health,Kindly The doctor treated flu. immediately.,Dọkịta gwọrọ oyi.
general,Now Chinedu really has a table. today.,Chinedu nwere tebụl.
weather,Now Ada likes sometimes the rain. now.,Ada hụrụ mmiri ozuzo n'anya.
weather,Quickly There is always storm today. today.,oke ifufe dị taa.
general,Tomorrow Obinna is a driver.,Obinna bụ onye ọkwọ ụgbọala.
weather,Tomorrow The storm is changing. again.,oke ifufe na-agbanwe.
technology,Today Emeka often uses a database. now.,Emeka na-eji ụlọ nchekwa data.
food,Please Obinna always cooked rice.,Obinna siri osikapa.
education,John studies in the school.,John na-amụ na ụlọ akwụkwọ.
general,Chinedu always lives in Enugu. now.,Chinedu bi na Enugu.
government,Mary met the government.,Mary zutere gọọmenti.
general,Ada works quickly.,Ada na-arụ ọrụ ngwa ngwa.
general,Tomorrow Chioma very has a table.,Chioma nwere tebụl.
business,Peter bought beans.,Peter zụtara agwa.
government,Kindly Obinna sometimes met the election. today.,Obinna zutere ntuli aka.
transportation,Tomorrow Grace boarded always a road. now.,Grace banyere ụzọ.
agriculture,Kindly yam really grows well. again.,ji na-eto nke ọma.
business,Now Ada always sold the phone. again.,Ada rere ekwentị.
business,Quickly Peter sometimes bought cassava. today.,Peter zụtara akpụ.
education,Please The library is open. today.,ọba akwụkwọ meghere.
health,Tomorrow The doctor treated fever. again.,Dọkịta gwọrọ ahụ ọkụ.
food,Ada ate egg.,Ada riri akwa.
transportation,The motorcycle arrived early.,ọkada rutere n'oge.
education,Please The very teacher is open. immediately.,onye nkuzi meghere.
government,Grace met always the president. immediately.,Grace zutere onye isi ala.
weather,The often storm is changing. immediately.,oke ifufe na-agbanwe.
weather,Quickly There is very wind today. immediately.,ifufe dị taa.
technology,David repaired the hardware.,David rụziri họdụwia.
agriculture,Please Obinna often harvested rice. today.,Obinna kpọrọ osikapa.
government,Quickly The always election was peaceful. immediately.,Ntuli aka gara nke ọma.
education,Please Chinedu very studies in the library. again.,Chinedu na-amụ na ọba akwụkwọ.
general,John lives in Enugu.,John bi na Enugu.
transportation,Kindly Obinna boarded often a car. today.,Obinna banyere ụgbọala.
government,Today The governor really announced a meeting. carefully.,gọvanọ kwupụtara nzukọ.
technology,David uses always a computer.,David na-eji kọmputa.
agriculture,Kindly David really harvested rice. carefully.,David kpọrọ osikapa.
education,Tomorrow Every sometimes tailor needs education. today.,onye akwa niile chọrọ agụmakwụkwọ.
government,Kindly The government always announced a meeting.,gọọmenti kwupụtara nzukọ.
education,The student really is open. immediately.,nwa akwụkwọ meghere.
general,Please Mary is always a student. immediately.,Mary bụ nwata akwụkwọ.
weather,Quickly There sometimes is weather today. now.,ihu igwe dị taa.
education,Kindly Peter very studies in the assignment. carefully.,Peter na-amụ na ọrụ ụlọ.
health,Emeka has typhoid.,Emeka nwere taịfọd.
transportation,Today Grace always boarded a car. today.,Grace banyere ụgbọala.
health,Today Mary always visited the hospital today.,Mary gara ụlọ ọgwụ taa.
business,Grace really sold the phone. again.,Grace rere ekwentị.
business,Kindly Grace really sold the table. today.,Grace rere tebụl.
general,The chair is small.,oche ahụ dị obere.
technology,Now Ada often uses a database.,Ada na-eji ụlọ nchekwa data.
food,Please Chinedu always ate soup.,Chinedu riri ofe.
agriculture,Peter harvested cocoyam.,Peter kpọrọ ede.
government,The election announced often a meeting. immediately.,ntuli aka kwupụtara nzukọ.
government,Quickly The election sometimes was peaceful. again.,Ntuli aka gara nke ọma.
agriculture,John harvested maize.,John kpọrọ ọka.
government,Quickly Chinedu sometimes met the senator.,Chinedu zutere senetọ.
transportation,Kindly Chinedu boarded often a bus. immediately.,Chinedu banyere bọs.
health,Tomorrow Obinna visited the sometimes hospital today. now.,Obinna gara ụlọ ọgwụ taa.
health,Please The always doctor treated malaria. carefully.,Dọkịta gwọrọ iba.
general,Quickly The book is small. again.,akwụkwọ ahụ dị obere.
government,Quickly Grace met very the government. immediately.,Grace zutere gọọmenti.
business,The trader visited Lagos.,Onye ahịa gara Lagos.
transportation,Now The very airport arrived early. again.,ọdụ ụgbọ elu rutere n'oge.
weather,Grace likes the wind.,Grace hụrụ ifufe n'anya.
agriculture,Today The farmer very planted rice.,Onye ọrụ ugbo kụrụ osikapa.
education,Quickly Mary sometimes studies in the examination. again.,Mary na-amụ na ule.
education,The library is open.,ọba akwụkwọ meghere.
general,Ada works well.,Ada na-arụ ọrụ nke ọma.
business,Now Chinedu sold really the car. now.,Chinedu rere ụgbọala.
agriculture,Tomorrow cassava very grows well. carefully.,akpụ na-eto nke ọma.
transportation,Tomorrow The bicycle sometimes arrived early. again.,igwe kwụ otu ebe rutere n'oge.
education,Now The very examination is open. again.,ule meghere.
education,Tomorrow The school really is open. carefully.,ụlọ akwụkwọ meghere.
health,The doctor treated diabetes. carefully.,Dọkịta gwọrọ shuga.
agriculture,Tomorrow yam often grows well. immediately.,ji na-eto nke ọma.
weather,Please The storm is changing. today.,oke ifufe na-agbanwe.
weather,Now There often is weather today. again.,ihu igwe dị taa.
agriculture,Quickly David always harvested cassava. carefully.,David kpọrọ akpụ.
health,Please Chioma has flu.,Chioma nwere oyi.
technology,Peter uses a computer.,Peter na-eji kọmputa.
food,Kindly John cooked fish. carefully.,John siri azụ.
weather,Kindly Chioma sometimes likes the cloud. carefully.,Chioma hụrụ igwe ojii n'anya.
weather,Ada likes the cloud.,Ada hụrụ igwe ojii n'anya.
weather,Tomorrow There is always sun today. carefully.,anwụ dị taa.
government,Chinedu really met the minister. immediately.,Chinedu zutere mịnista.
technology,Today Peter uses always a website.,Peter na-eji weebụsaịtị.
government,Now Peter sometimes met the president. again.,Peter zutere onye isi ala.
technology,Kindly David uses a mouse. today.,David na-eji maụs.
education,The examination often is open. now.,ule meghere.
business,Chioma bought rice.,Chioma zụtara osikapa.
weather,Tomorrow There is very sun today.,anwụ dị taa.
agriculture,Tomorrow The farmer very planted pepper. now.,Onye ọrụ ugbo kụrụ ose.
education,Tomorrow Every police sometimes officer needs education. again.,onye uwe ojii niile chọrọ agụmakwụkwọ.
weather,Quickly There is really weather today. now.,ihu igwe dị taa.
agriculture,Peter harvested rice. immediately.,Peter kpọrọ osikapa.
business,Now Chinedu really sold the bag. again.,Chinedu rere akpa.
education,Quickly The really examination is open. now.,ule meghere.
general,David lives in Abuja.,David bi na Abuja.
health,Quickly Emeka always has typhoid. immediately.,Emeka nwere taịfọd.
weather,Grace likes the cloud.,Grace hụrụ igwe ojii n'anya.
general,Quickly Emeka really is a programmer. now.,Emeka bụ onye mmemme kọmputa.
food,Tomorrow John sometimes cooked fish. now.,John siri azụ.
business,The very trader visited Enugu. immediately.,Onye ahịa gara Enugu.
education,Every doctor needs education.,dọkịta niile chọrọ agụmakwụkwọ.
general,Kindly The really bag is old. today.,akpa ahụ dị ochie.
food,Now Chinedu cooked cassava. today.,Chinedu siri akpụ.
food,David cooked rice.,David siri osikapa.
food,Grace ate fish.,Grace riri azụ.
weather,Tomorrow The wind is changing.,ifufe na-agbanwe.
general,The book is big.,akwụkwọ ahụ dị ukwu.
general,Mary has a book.,Mary nwere akwụkwọ.
government,Please Obinna met sometimes the senator. carefully.,Obinna zutere senetọ.
general,Obinna very works quickly. immediately.,Obinna na-arụ ọrụ ngwa ngwa.
food,Please fish always tastes good.,azụ na-atọ ụtọ.
weather,Quickly The sun sometimes is changing.,anwụ na-agbanwe.
health,Now David visited the really hospital today. again.,David gara ụlọ ọgwụ taa.
agriculture,Obinna harvested pepper.,Obinna kpọrọ ose.
business,Now Mary sold the phone. now.,Mary rere ekwentị.
transportation,Chinedu boarded a bicycle.,Chinedu banyere igwe kwụ otu ebe.
general,Today Ada is very a mechanic. now.,Ada bụ onye nrụzi ụgbọala.
general,David is a teacher.,David bụ onye nkuzi.
government,Now The election always was peaceful. now.,Ntuli aka gara nke ọma.
transportation,Tomorrow Chinedu boarded a bicycle.,Chinedu banyere igwe kwụ otu ebe.
general,Now The sometimes car is old.,ụgbọala ahụ dị ochie.
business,Peter sold the computer.,Peter rere kọmputa.
food,fish tastes good.,azụ na-atọ ụtọ.
weather,There is rain today.,mmiri ozuzo dị taa.
education,Chinedu studies in the student.,Chinedu na-amụ na nwa akwụkwọ.
government,Tomorrow Grace sometimes met the senator. now.,Grace zutere senetọ.
education,Kindly The classroom very is open. today.,ụlọ klas meghere.
health,Kindly Ada visited the hospital today.,Ada gara ụlọ ọgwụ taa.
health,Tomorrow The doctor sometimes treated cholera. immediately.,Dọkịta gwọrọ kọlera.
business,Chinedu bought cassava.,Chinedu zụtara akpụ.
transportation,John boarded a bus.,John banyere bọs.
education,Mary studies in the school.,Mary na-amụ na ụlọ akwụkwọ.
education,Every teacher needs education.,onye nkuzi niile chọrọ agụmakwụkwọ.
government,Peter met the minister.,Peter zutere mịnista.
general,Ada lives in Onitsha.,Ada bi na Ọnịcha.
business,Quickly Chinedu sold sometimes the phone. carefully.,Chinedu rere ekwentị.
transportation,Emeka boarded really a car. again.,Emeka banyere ụgbọala.
education,Now Every very doctor needs education. again.,dọkịta niile chọrọ agụmakwụkwọ.
food,Please bread often tastes good. immediately.,achịcha na-atọ ụtọ.
business,Emeka sold the bag.,Emeka rere akpa.
transportation,Grace travelled to Kano.,Grace gara Kano.
education,Tomorrow Ada studies in often the school. carefully.,Ada na-amụ na ụlọ akwụkwọ.
food,Please Ada very ate soup. today.,Ada riri ofe.
weather,Please Ada likes sometimes the cloud. now.,Ada hụrụ igwe ojii n'anya.
agriculture,Obinna harvested yam.,Obinna kpọrọ ji.
education,Obinna studies in the library.,Obinna na-amụ na ọba akwụkwọ.
agriculture,Today cassava really grows well. immediately.,akpụ na-eto nke ọma.
transportation,Chioma boarded a bicycle.,Chioma banyere igwe kwụ otu ebe.
general,Emeka works well.,Emeka na-arụ ọrụ nke ọma.
government,Please The election always was peaceful. immediately.,Ntuli aka gara nke ọma.
business,Grace sold the computer.,Grace rere kọmputa.
transportation,Peter travelled to Abuja.,Peter gara Abuja.
government,Quickly The election sometimes was peaceful. today.,Ntuli aka gara nke ọma.
health,David always visited the hospital today. again.,David gara ụlọ ọgwụ taa.
general,Peter is a chef.,Peter bụ onye isi nri.
health,Now The sometimes doctor treated flu. today.,Dọkịta gwọrọ oyi.
food,Kindly cassava tastes good. immediately.,akpụ na-atọ ụtọ.
general,Tomorrow Peter has always a book. today.,Peter nwere akwụkwọ.
education,Quickly The really classroom is open. today.,ụlọ klas meghere.
food,Today yam often tastes good. today.,ji na-atọ ụtọ.
technology,Now The software really is new. immediately.,sọftụwia ahụ dị ọhụrụ.
government,Kindly John met often the governor.,John zutere gọvanọ.
business,David sold the book.,David rere akwụkwọ.
business,Please Grace often bought yam.,Grace zụtara ji.
education,Today Every often trader needs education.,onye ahịa niile chọrọ agụmakwụkwọ.
agriculture,Tomorrow The farmer often planted maize. immediately.,Onye ọrụ ugbo kụrụ ọka.
education,Now Every tailor needs education. now.,onye akwa niile chọrọ agụmakwụkwọ.
business,Grace sold the phone.,Grace rere ekwentị.
transportation,Mary travelled to Owerri.,Mary gara Owerri.
transportation,Please John always travelled to Lagos. today.,John gara Lagos.
government,Tomorrow The often election announced a meeting.,ntuli aka kwupụtara nzukọ.
education,Please John studies in always the library. carefully.,John na-amụ na ọba akwụkwọ.
business,Quickly Ada always sold the bag. again.,Ada rere akpa.
food,Quickly Ada really ate egg.,Ada riri akwa.
transportation,Ada boarded a bicycle.,Ada banyere igwe kwụ otu ebe.
government,Now The election was peaceful. now.,Ntuli aka gara nke ọma.
transportation,Please The very airport arrived early. now.,ọdụ ụgbọ elu rutere n'oge.
business,Please The trader really visited Owerri.,Onye ahịa gara Owerri.
food,garri tastes good.,garri na-atọ ụtọ.
government,Please The election was peaceful. immediately.,Ntuli aka gara nke ọma.
weather,Please Chioma likes often the rain. again.,Chioma hụrụ mmiri ozuzo n'anya.
general,Kindly Obinna really is a programmer. carefully.,Obinna bụ onye mmemme kọmputa.
government,Quickly The election sometimes was peaceful. now.,Ntuli aka gara nke ọma.
government,Today The election was peaceful. today.,Ntuli aka gara nke ọma.
health,Chioma has diabetes.,Chioma nwere shuga.
government,David met the government.,David zutere gọọmenti.
agriculture,Tomorrow rice always grows well. now.,osikapa na-eto nke ọma.
agriculture,Ada harvested rice.,Ada kpọrọ osikapa.
government,Quickly Mary sometimes met the minister. carefully.,Mary zutere mịnista.
agriculture,The farmer planted pepper.,Onye ọrụ ugbo kụrụ ose.
general,Chinedu will eat tomorrow.,Chinedu ga rie echi.
general,Chioma will buy tomorrow.,Chioma ga zụ echi.
food,Please Mary always cooked bread.,Mary siri achịcha.
general,Quickly John very lives in Enugu. carefully.,John bi na Enugu.
general,Mary has a computer.,Mary nwere kọmputa.
business,Ada sold the phone.,Ada rere ekwentị.
food,Mary cooked cassava.,Mary siri akpụ.
technology,Emeka uses a keyboard.,Emeka na-eji kiibọdụ.
technology,Tomorrow Chinedu repaired the database. again.,Chinedu rụziri ụlọ nchekwa data.
health,Quickly Emeka sometimes visited the hospital today. now.,Emeka gara ụlọ ọgwụ taa.
technology,Tomorrow Chioma often repaired the computer. now.,Chioma rụziri kọmputa.
business,Grace sold the car.,Grace rere ụgbọala.
health,David visited very the hospital today. now.,David gara ụlọ ọgwụ taa.
health,Please Chioma often has fever.,Chioma nwere ahụ ọkụ.
education,Kindly Obinna studies in really the school. carefully.,Obinna na-amụ na ụlọ akwụkwọ.
weather,Now Obinna likes the weather. today.,Obinna hụrụ ihu igwe n'anya.
weather,The really sun is changing. immediately.,anwụ na-agbanwe.
general,The computer is old.,kọmputa ahụ dị ochie.
transportation,Tomorrow Ada very boarded a motorcycle. again.,Ada banyere ọkada.
weather,Kindly There is often cloud today. immediately.,igwe ojii dị taa.
government,Now Ada met always the minister. now.,Ada zutere mịnista.
weather,There is cloud today.,igwe ojii dị taa.
education,Quickly The classroom is open. again.,ụlọ klas meghere.
general,Please Ada always works carefully.,Ada na-arụ ọrụ nlezianya.
education,The classroom very is open. now.,ụlọ klas meghere.
government,Grace met the minister.,Grace zutere mịnista.
agriculture,Tomorrow maize sometimes grows well. carefully.,ọka na-eto nke ọma.
transportation,Grace boarded really a airport.,Grace banyere ọdụ ụgbọ elu.
weather,Kindly There is really storm today. immediately.,oke ifufe dị taa.
transportation,Please Emeka very travelled to Kano. carefully.,Emeka gara Kano.
transportation,Today Chinedu boarded a airport. today.,Chinedu banyere ọdụ ụgbọ elu.
business,Chioma sold the computer.,Chioma rere kọmputa.
weather,The cloud is changing. again.,igwe ojii na-agbanwe.
government,Now Grace met sometimes the president. carefully.,Grace zutere onye isi ala.
general,Now Obinna is a teacher. carefully.,Obinna bụ onye nkuzi.
government,The senator always announced a meeting. carefully.,senetọ kwupụtara nzukọ.
government,Tomorrow The government announced always a meeting.,gọọmenti kwupụtara nzukọ.
transportation,Ada boarded a motorcycle.,Ada banyere ọkada.
technology,The website always is new. carefully.,weebụsaịtị ahụ dị ọhụrụ.
weather,Obinna often likes the rain. again.,Obinna hụrụ mmiri ozuzo n'anya.
general,Obinna is a engineer.,Obinna bụ injinia.
government,The president announced very a meeting. carefully.,onye isi ala kwupụtara nzukọ.
weather,Today The cloud often is changing. now.,igwe ojii na-agbanwe.
health,Mary has typhoid.,Mary nwere taịfọd.
government,Tomorrow The governor announced a meeting.,gọvanọ kwupụtara nzukọ.
agriculture,Tomorrow The always farmer planted yam. carefully.,Onye ọrụ ugbo kụrụ ji.
government,Kindly The election often was peaceful. again.,Ntuli aka gara nke ọma.
weather,Please The really cloud is changing. immediately.,igwe ojii na-agbanwe.
weather,There is sometimes storm today. immediately.,oke ifufe dị taa.
technology,Kindly Obinna repaired very the database. immediately.,Obinna rụziri ụlọ nchekwa data.
health,Mary has malaria.,Mary nwere iba.
health,Please The doctor often treated malaria. today.,Dọkịta gwọrọ iba.
transportation,Peter travelled to Lagos.,Peter gara Lagos.
education,Mary studies in the library.,Mary na-amụ na ọba akwụkwọ.
technology,Tomorrow The keyboard very is new. carefully.,kiibọdụ ahụ dị ọhụrụ.
transportation,Kindly John boarded always a airport. again.,John banyere ọdụ ụgbọ elu.
education,Now Grace very studies in the assignment. today.,Grace na-amụ na ọrụ ụlọ.
health,Peter visited sometimes the hospital today. immediately.,Peter gara ụlọ ọgwụ taa.
transportation,Grace boarded a airport. carefully.,Grace banyere ọdụ ụgbọ elu.
food,Quickly Grace really ate yam. immediately.,Grace riri ji.
technology,Kindly Chinedu uses always a software.,Chinedu na-eji sọftụwia.
technology,John uses a mouse.,John na-eji maụs.
education,Emeka studies in really the classroom. carefully.,Emeka na-amụ na ụlọ klas.
business,Today The trader visited Owerri. carefully.,Onye ahịa gara Owerri.
agriculture,Grace often harvested pepper. now.,Grace kpọrọ ose.
business,Kindly The trader always visited Onitsha. today.,Onye ahịa gara Ọnịcha.
health,Kindly The always doctor treated typhoid. today.,Dọkịta gwọrọ taịfọd.
business,Quickly Emeka sold the phone. again.,Emeka rere ekwentị.
food,Today cassava always tastes good. today.,akpụ na-atọ ụtọ.
government,Today The president really announced a meeting. carefully.,onye isi ala kwupụtara nzukọ.
government,The senator announced a meeting. today.,senetọ kwupụtara nzukọ.
food,Kindly Obinna sometimes ate garri.,Obinna riri garri.
transportation,Now The always car arrived early. now.,ụgbọala rutere n'oge.
technology,The database is new.,ụlọ nchekwa data ahụ dị ọhụrụ.
government,Please The always senator announced a meeting. now.,senetọ kwupụtara nzukọ.
general,Tomorrow Ada often works slowly. now.,Ada na-arụ ọrụ nwayọọ.
general,Chinedu has a computer.,Chinedu nwere kọmputa.
technology,Peter uses a software.,Peter na-eji sọftụwia.
health,Obinna visited really the hospital today. immediately.,Obinna gara ụlọ ọgwụ taa.
food,Tomorrow bread very tastes good. carefully.,achịcha na-atọ ụtọ.
education,Quickly Every always doctor needs education. immediately.,dọkịta niile chọrọ agụmakwụkwọ.
general,The bag is old.,akpa ahụ dị ochie.
education,Today Grace studies in the examination. carefully.,Grace na-amụ na ule.
agriculture,Kindly maize often grows well. immediately.,ọka na-eto nke ọma.
education,Now Every really student needs education. immediately.,nwata akwụkwọ niile chọrọ agụmakwụkwọ.
transportation,Kindly Ada really boarded a bus. today.,Ada banyere bọs.
education,Kindly The always assignment is open. again.,ọrụ ụlọ meghere.
education,Tomorrow Every always engineer needs education. carefully.,injinia niile chọrọ agụmakwụkwọ.
transportation,Please The bicycle very arrived early. again.,igwe kwụ otu ebe rutere n'oge.
weather,Peter likes the storm.,Peter hụrụ oke ifufe n'anya.
general,Today David often has a phone. now.,David nwere ekwentị.
general,Today The computer very is old. now.,kọmputa ahụ dị ochie.
agriculture,John harvested tomato.,John kpọrọ tomato.
business,Kindly The trader visited Enugu. immediately.,Onye ahịa gara Enugu.
transportation,Kindly Emeka travelled always to Nigeria. immediately.,Emeka gara Naịjirịa.
food,Today rice always tastes good. now.,osikapa na-atọ ụtọ.
business,Today The trader always visited Enugu. now.,Onye ahịa gara Enugu.
weather,Kindly The cloud always is changing. carefully.,igwe ojii na-agbanwe.
general,Tomorrow Grace works well. immediately.,Grace na-arụ ọrụ nke ọma.
business,Chioma sold the phone.,Chioma rere ekwentị.
technology,Emeka repaired sometimes the mouse. immediately.,Emeka rụziri maụs.
education,Tomorrow The student is open.,nwa akwụkwọ meghere.
technology,Kindly David repaired very the internet. now.,David rụziri ịntanet.
health,The doctor treated cholera.,Dọkịta gwọrọ kọlera.
business,Quickly The trader very visited Nigeria. carefully.,Onye ahịa gara Naịjirịa.
health,Quickly The doctor treated flu. today.,Dọkịta gwọrọ oyi.
business,John sometimes bought beans.,John zụtara agwa.
general,Emeka has a chair.,Emeka nwere oche.
food,Tomorrow meat sometimes tastes good. carefully.,anụ na-atọ ụtọ.
health,The doctor treated flu.,Dọkịta gwọrọ oyi.
technology,Chinedu repaired the website.,Chinedu rụziri weebụsaịtị.
business,The trader visited Kano.,Onye ahịa gara Kano.
education,Mary studies in the assignment.,Mary na-amụ na ọrụ ụlọ.
government,Kindly The election announced very a meeting. now.,ntuli aka kwupụtara nzukọ.
weather,Obinna likes the weather.,Obinna hụrụ ihu igwe n'anya.
health,Peter visited the hospital today.,Peter gara ụlọ ọgwụ taa.
business,Today The trader sometimes visited Nigeria. again.,Onye ahịa gara Naịjirịa.
weather,Please There is sometimes wind today. again.,ifufe dị taa.
food,Today Chioma often ate soup. carefully.,Chioma riri ofe.
technology,Tomorrow Ada repaired sometimes the software. now.,Ada rụziri sọftụwia.
government,The election very was peaceful. carefully.,Ntuli aka gara nke ọma.
technology,Peter repaired the computer.,Peter rụziri kọmputa.
government,Please John often met the senator. carefully.,John zutere senetọ.
weather,The wind is changing.,ifufe na-agbanwe.
health,Obinna has flu.,Obinna nwere oyi.
transportation,Tomorrow Mary travelled to Nigeria.,Mary gara Naịjirịa.
weather,Kindly Chinedu likes sometimes the wind. carefully.,Chinedu hụrụ ifufe n'anya.
government,Quickly Mary often met the election.,Mary zutere ntuli aka.
agriculture,Tomorrow Mary very harvested pepper. again.,Mary kpọrọ ose.
health,Chioma has fever.,Chioma nwere ahụ ọkụ.
technology,Quickly The mouse very is new. carefully.,maụs ahụ dị ọhụrụ.
business,Quickly Obinna always bought rice. now.,Obinna zụtara osikapa.
food,Tomorrow meat often tastes good. again.,anụ na-atọ ụtọ.
health,Now Chioma often has malaria. again.,Chioma nwere iba.
health,Kindly The doctor always treated typhoid.,Dọkịta gwọrọ taịfọd.
business,Please Peter sold the chair. carefully.,Peter rere oche.
food,Grace cooked garri.,Grace siri garri.
weather,Quickly David very likes the weather. immediately.,David hụrụ ihu igwe n'anya.
technology,Now Grace always repaired the computer. again.,Grace rụziri kọmputa.
weather,Quickly The often sun is changing. again.,anwụ na-agbanwe.
health,Quickly John very has diabetes. again.,John nwere shuga.
government,Peter met the president.,Peter zutere onye isi ala.
government,David met the governor.,David zutere gọvanọ.
food,Obinna cooked rice.,Obinna siri osikapa.
general,Today Chioma will often buy tomorrow. immediately.,Chioma ga zụ echi.
health,Quickly The sometimes doctor treated flu. immediately.,Dọkịta gwọrọ oyi.
education,Emeka studies in the teacher.,Emeka na-amụ na onye nkuzi.
business,Now The trader very visited Lagos. again.,Onye ahịa gara Lagos.
general,David works quickly.,David na-arụ ọrụ ngwa ngwa.
weather,Today Mary likes always the weather. again.,Mary hụrụ ihu igwe n'anya.
food,John ate meat.,John riri anụ.
food,Today garri sometimes tastes good. immediately.,garri na-atọ ụtọ.
general,Emeka is a electrician.,Emeka bụ onye ọkụ eletrik.
general,John will sell tomorrow.,John ga ree echi.
health,Quickly Chinedu very has malaria. again.,Chinedu nwere iba.
weather,Please The sometimes cloud is changing.,igwe ojii na-agbanwe.
government,Tomorrow Ada met the minister. now.,Ada zutere mịnista.
government,Now Mary met really the minister. today.,Mary zutere mịnista.
general,John works carefully.,John na-arụ ọrụ nlezianya.
food,Peter often ate soup.,Peter riri ofe.
agriculture,Today Obinna really harvested rice. carefully.,Obinna kpọrọ osikapa.
business,The trader visited Onitsha. again.,Onye ahịa gara Ọnịcha.
health,Today The often doctor treated flu.,Dọkịta gwọrọ oyi.
general,Kindly Chioma sometimes will go tomorrow.,Chioma ga gaa echi.
technology,Tomorrow Chioma repaired always the computer. immediately.,Chioma rụziri kọmputa.
education,Tomorrow Emeka studies in the school. carefully.,Emeka na-amụ na ụlọ akwụkwọ.
agriculture,Kindly cocoyam really grows well. immediately.,ede na-eto nke ọma.
business,The trader visited Enugu.,Onye ahịa gara Enugu.
government,Emeka met the senator.,Emeka zutere senetọ.
health,The doctor treated malaria.,Dọkịta gwọrọ iba.
agriculture,The farmer planted vegetable.,Onye ọrụ ugbo kụrụ akwukwo nri.
general,Emeka lives in Kano.,Emeka bi na Kano.
technology,Please Peter always repaired the computer.,Peter rụziri kọmputa.
general,Now Mary is a soldier. now.,Mary bụ onye agha.
agriculture,Today The farmer very planted rice. again.,Onye ọrụ ugbo kụrụ osikapa.
health,David has cholera.,David nwere kọlera.
agriculture,The farmer always planted cassava. today.,Onye ọrụ ugbo kụrụ akpụ.
business,Please Mary very bought meat. immediately.,Mary zụtara anụ.
technology,Kindly Chinedu really uses a internet. again.,Chinedu na-eji ịntanet.
transportation,Now The always road arrived early. immediately.,ụzọ rutere n'oge.
transportation,Kindly The very airport arrived early. immediately.,ọdụ ụgbọ elu rutere n'oge.
weather,Quickly Mary likes the storm. now.,Mary hụrụ oke ifufe n'anya.
weather,Today Chinedu likes very the weather.,Chinedu hụrụ ihu igwe n'anya.
health,Quickly Emeka often visited the hospital today. now.,Emeka gara ụlọ ọgwụ taa.
food,Please Mary sometimes ate beans. now.,Mary riri agwa.
business,Quickly David sold sometimes the book. again.,David rere akwụkwọ.
agriculture,Ada harvested yam.,Ada kpọrọ ji.
technology,Ada repaired the internet.,Ada rụziri ịntanet.
agriculture,Quickly The farmer planted yam. now.,Onye ọrụ ugbo kụrụ ji.
agriculture,Today Peter really harvested vegetable. now.,Peter kpọrọ akwukwo nri.
government,Today The often election was peaceful. today.,Ntuli aka gara nke ọma.
business,Kindly Grace often bought garri.,Grace zụtara garri.
government,Mary met the governor.,Mary zutere gọvanọ.
food,Tomorrow yam sometimes tastes good. today.,ji na-atọ ụtọ.
agriculture,Please The often farmer planted vegetable. immediately.,Onye ọrụ ugbo kụrụ akwukwo nri.
health,Today The doctor often treated fever. now.,Dọkịta gwọrọ ahụ ọkụ.
transportation,Grace boarded a car.,Grace banyere ụgbọala.
transportation,Today Grace really travelled to Abuja. again.,Grace gara Abuja.
general,Ada has a bag.,Ada nwere akpa.
transportation,Please The airport often arrived early. today.,ọdụ ụgbọ elu rutere n'oge.
food,Grace cooked soup.,Grace siri ofe.
food,Emeka cooked soup.,Emeka siri ofe.
health,Ada has typhoid.,Ada nwere taịfọd.
agriculture,Kindly Emeka sometimes harvested yam. now.,Emeka kpọrọ ji.
business,Quickly The often trader visited Abuja. now.,Onye ahịa gara Abuja.
agriculture,Today The really farmer planted yam. today.,Onye ọrụ ugbo kụrụ ji.
transportation,Please John travelled to Nigeria. carefully.,John gara Naịjirịa.
government,Grace always met the governor. again.,Grace zutere gọvanọ.
food,John cooked rice.,John siri osikapa.
business,Tomorrow Chinedu very bought meat. immediately.,Chinedu zụtara anụ.
business,Grace bought egg.,Grace zụtara akwa.
agriculture,Now vegetable very grows well. carefully.,akwukwo nri na-eto nke ọma.
food,Please Peter really cooked egg. again.,Peter siri akwa.
agriculture,Grace harvested pepper.,Grace kpọrọ ose.
general,Chinedu will very eat tomorrow. immediately.,Chinedu ga rie echi.
government,Now The minister very announced a meeting. carefully.,mịnista kwupụtara nzukọ.
food,Please cassava always tastes good. today.,akpụ na-atọ ụtọ.
government,Chioma met the president.,Chioma zutere onye isi ala.
business,John sold the bag.,John rere akpa.
food,Kindly cassava very tastes good. again.,akpụ na-atọ ụtọ.
education,Now Every nurse often needs education. again.,nọọsụ niile chọrọ agụmakwụkwọ.
weather,Peter likes the rain.,Peter hụrụ mmiri ozuzo n'anya.
transportation,Grace boarded a airport.,Grace banyere ọdụ ụgbọ elu.
agriculture,Peter harvested rice.,Peter kpọrọ osikapa.
food,Today Chinedu very ate bread. carefully.,Chinedu riri achịcha.
technology,Chioma repaired the website. now.,Chioma rụziri weebụsaịtị.
general,Mary will write tomorrow.,Mary ga dee echi.
technology,Chioma uses sometimes a keyboard. again.,Chioma na-eji kiibọdụ.
education,Tomorrow Emeka studies often in the teacher. today.,Emeka na-amụ na onye nkuzi.
food,Obinna ate soup.,Obinna riri ofe.
education,Quickly Obinna very studies in the school. immediately.,Obinna na-amụ na ụlọ akwụkwọ.
business,Kindly Ada sold really the book.,Ada rere akwụkwọ.
food,Obinna cooked egg.,Obinna siri akwa.
health,Please David has flu.,David nwere oyi.
government,Please John met really the senator. carefully.,John zutere senetọ.
technology,Quickly Emeka uses a database. now.,Emeka na-eji ụlọ nchekwa data.
technology,Now The sometimes software is new. again.,sọftụwia ahụ dị ọhụrụ.
transportation,David boarded a bicycle.,David banyere igwe kwụ otu ebe.
general,Please Obinna sometimes will sell tomorrow. immediately.,Obinna ga ree echi.
food,Kindly Mary very cooked cassava. immediately.,Mary siri akpụ.
business,Tomorrow Obinna very bought beans. immediately.,Obinna zụtara agwa.
transportation,Peter boarded a airport.,Peter banyere ọdụ ụgbọ elu.
government,Chinedu met the election.,Chinedu zutere ntuli aka.
general,Today Chioma often is a doctor. now.,Chioma bụ dọkịta.
technology,Quickly Obinna uses very a database.,Obinna na-eji ụlọ nchekwa data.
government,Now John very met the government. again.,John zutere gọọmenti.
technology,Quickly Chinedu very repaired the keyboard. carefully.,Chinedu rụziri kiibọdụ.
health,Please The doctor very treated malaria.,Dọkịta gwọrọ iba.
agriculture,Quickly Mary often harvested tomato. carefully.,Mary kpọrọ tomato.
food,Chioma ate yam.,Chioma riri ji.
business,Ada bought cassava.,Ada zụtara akpụ.
government,Tomorrow The election really was peaceful. carefully.,Ntuli aka gara nke ọma.
weather,Chinedu likes the weather.,Chinedu hụrụ ihu igwe n'anya.
technology,Today The database often is new. immediately.,ụlọ nchekwa data ahụ dị ọhụrụ.
health,David has diabetes.,David nwere shuga.
general,Quickly Peter always will eat tomorrow. carefully.,Peter ga rie echi.
food,Kindly rice sometimes tastes good. carefully.,osikapa na-atọ ụtọ.
business,Quickly The trader really visited Kano. today.,Onye ahịa gara Kano.
food,Grace often ate cassava. now.,Grace riri akpụ.
weather,Kindly There is often wind today. immediately.,ifufe dị taa.
weather,Peter likes the sun.,Peter hụrụ anwụ n'anya.
business,Quickly Obinna sold the car. again.,Obinna rere ụgbọala.
education,Peter studies in the assignment.,Peter na-amụ na ọrụ ụlọ.
government,Peter met the senator.,Peter zutere senetọ.
transportation,Mary travelled to Onitsha.,Mary gara Ọnịcha.
general,Obinna is a driver.,Obinna bụ onye ọkwọ ụgbọala.
transportation,Now Chioma often boarded a bicycle. now.,Chioma banyere igwe kwụ otu ebe.
agriculture,Today David sometimes harvested maize.,David kpọrọ ọka.
technology,The internet is new.,ịntanet ahụ dị ọhụrụ.
technology,Tomorrow Mary repaired the database. now.,Mary rụziri ụlọ nchekwa data.
technology,Kindly Obinna always uses a mouse. carefully.,Obinna na-eji maụs.
business,Please The really trader visited Lagos. today.,Onye ahịa gara Lagos.
technology,Tomorrow David always repaired the software. immediately.,David rụziri sọftụwia.
government,Chioma met very the governor. today.,Chioma zutere gọvanọ.
health,Quickly Emeka very has malaria.,Emeka nwere iba.
weather,Kindly Emeka likes often the weather.,Emeka hụrụ ihu igwe n'anya.
agriculture,Kindly yam grows well. now.,ji na-eto nke ọma.
general,John will buy tomorrow.,John ga zụ echi.
transportation,Today David very travelled to Abuja. again.,David gara Abuja.
government,Today The minister always announced a meeting.,mịnista kwupụtara nzukọ.
technology,Peter uses a keyboard.,Peter na-eji kiibọdụ.
agriculture,Tomorrow Peter very harvested cocoyam. immediately.,Peter kpọrọ ede.
government,Tomorrow The senator announced always a meeting. now.,senetọ kwupụtara nzukọ.
general,Kindly Grace is a doctor. again.,Grace bụ dọkịta.
health,Quickly Chioma visited the sometimes hospital today. carefully.,Chioma gara ụlọ ọgwụ taa.
agriculture,cassava grows well.,akpụ na-eto nke ọma.
government,Quickly Peter met the president. immediately.,Peter zutere onye isi ala.
health,John has fever.,John nwere ahụ ọkụ.
government,Obinna met the senator.,Obinna zutere senetọ.
health,Today Emeka visited the hospital today. again.,Emeka gara ụlọ ọgwụ taa.
weather,Emeka likes the cloud.,Emeka hụrụ igwe ojii n'anya.
agriculture,Quickly The often farmer planted maize. immediately.,Onye ọrụ ugbo kụrụ ọka.
education,Today Grace really studies in the teacher. immediately.,Grace na-amụ na onye nkuzi.
food,Mary ate meat.,Mary riri anụ.
business,Please The very trader visited Onitsha. now.,Onye ahịa gara Ọnịcha.
weather,Kindly Chinedu likes sometimes the wind. immediately.,Chinedu hụrụ ifufe n'anya.
education,The examination is open.,ule meghere.
transportation,Tomorrow David boarded often a car. carefully.,David banyere ụgbọala.
transportation,Mary travelled always to Nigeria. carefully.,Mary gara Naịjirịa.
food,Quickly Grace really cooked soup. carefully.,Grace siri ofe.
business,Tomorrow David sold really the bag. now.,David rere akpa.
food,Now soup really tastes good. again.,ofe na-atọ ụtọ.
government,Please The president announced a meeting.,onye isi ala kwupụtara nzukọ.
general,Quickly Emeka really works well. carefully.,Emeka na-arụ ọrụ nke ọma.
health,Today Grace really visited the hospital today. carefully.,Grace gara ụlọ ọgwụ taa.
weather,Chioma likes the cloud.,Chioma hụrụ igwe ojii n'anya.
agriculture,Today Emeka harvested cocoyam. again.,Emeka kpọrọ ede.
business,Chioma sold the chair.,Chioma rere oche.
food,yam tastes good. today.,ji na-atọ ụtọ.
government,The election was peaceful.,Ntuli aka gara nke ọma.
technology,Obinna repaired the software.,Obinna rụziri sọftụwia.
technology,Tomorrow The internet is new.,ịntanet ahụ dị ọhụrụ.
education,Mary studies in the student.,Mary na-amụ na nwa akwụkwọ.
education,Now The examination very is open. now.,ule meghere.
transportation,Ada boarded always a car. now.,Ada banyere ụgbọala.
general,Peter works slowly.,Peter na-arụ ọrụ nwayọọ.
general,Quickly Peter very is a teacher. today.,Peter bụ onye nkuzi.
education,Today Emeka studies often in the teacher. today.,Emeka na-amụ na onye nkuzi.
education,Grace studies in the examination.,Grace na-amụ na ule.
government,Obinna met the government.,Obinna zutere gọọmenti.
education,Tomorrow The classroom always is open. now.,ụlọ klas meghere.
government,The sometimes president announced a meeting. again.,onye isi ala kwupụtara nzukọ.
business,Kindly The sometimes trader visited Enugu. now.,Onye ahịa gara Enugu.
health,Kindly Mary really visited the hospital today. again.,Mary gara ụlọ ọgwụ taa.
general,Quickly Obinna has really a bag. immediately.,Obinna nwere akpa.
food,Grace cooked cassava.,Grace siri akpụ.
general,Kindly Ada is often a trader. now.,Ada bụ onye ahịa.
general,Tomorrow Grace has a table. today.,Grace nwere tebụl.
transportation,Kindly The bus often arrived early. carefully.,bọs rutere n'oge.
weather,Please There sometimes is cloud today.,igwe ojii dị taa.
food,Please bread sometimes tastes good.,achịcha na-atọ ụtọ.
government,Tomorrow The government always announced a meeting. today.,gọọmenti kwupụtara nzukọ.
weather,Chinedu likes the wind.,Chinedu hụrụ ifufe n'anya.
technology,The website is new.,weebụsaịtị ahụ dị ọhụrụ.
transportation,Emeka boarded a airport.,Emeka banyere ọdụ ụgbọ elu.
transportation,Peter travelled to Owerri.,Peter gara Owerri.
technology,Today Chioma really repaired the software. carefully.,Chioma rụziri sọftụwia.
transportation,Grace boarded often a bicycle. now.,Grace banyere igwe kwụ otu ebe.
business,Tomorrow John sold sometimes the phone. immediately.,John rere ekwentị.
government,Now Chioma met often the president. now.,Chioma zutere onye isi ala.
education,Now The library really is open. immediately.,ọba akwụkwọ meghere.
education,Kindly Every tailor needs education. again.,onye akwa niile chọrọ agụmakwụkwọ.
general,David has a car.,David nwere ụgbọala.
food,Kindly garri very tastes good. carefully.,garri na-atọ ụtọ.
general,David is really a teacher. again.,David bụ onye nkuzi.
health,The often doctor treated fever. again.,Dọkịta gwọrọ ahụ ọkụ.
weather,There often is cloud today. immediately.,igwe ojii dị taa.
weather,There is often sun today. immediately.,anwụ dị taa.
technology,John uses a database.,John na-eji ụlọ nchekwa data.
health,Please Obinna visited the really hospital today.,Obinna gara ụlọ ọgwụ taa.
transportation,Grace boarded a bus.,Grace banyere bọs.
agriculture,Today The very farmer planted tomato. carefully.,Onye ọrụ ugbo kụrụ tomato.
transportation,Chinedu travelled to Nigeria.,Chinedu gara Naịjirịa.
government,Please Emeka really met the minister. today.,Emeka zutere mịnista.
agriculture,Chinedu harvested cassava.,Chinedu kpọrọ akpụ.
technology,Please John uses really a mouse. now.,John na-eji maụs.
technology,Today Emeka repaired the software. again.,Emeka rụziri sọftụwia.
weather,Tomorrow Ada sometimes likes the weather. carefully.,Ada hụrụ ihu igwe n'anya.
weather,Now There is very weather today. again.,ihu igwe dị taa.
business,Ada sold the car.,Ada rere ụgbọala.
business,Today Peter sometimes bought egg. carefully.,Peter zụtara akwa.
general,Today Obinna lives sometimes in Abuja.,Obinna bi na Abuja.
food,Kindly Peter often cooked bread. immediately.,Peter siri achịcha.
technology,Kindly The hardware sometimes is new. carefully.,họdụwia ahụ dị ọhụrụ.
technology,Quickly The very mouse is new. today.,maụs ahụ dị ọhụrụ.
business,Ada bought meat.,Ada zụtara anụ.
business,Today Peter sold very the bag. today.,Peter rere akpa.
technology,Kindly Peter often repaired the software. again.,Peter rụziri sọftụwia.
agriculture,Today cocoyam very grows well. now.,ede na-eto nke ọma.
general,Emeka will sell tomorrow.,Emeka ga ree echi.
food,Quickly soup sometimes tastes good.,ofe na-atọ ụtọ.
general,Tomorrow Peter works slowly. immediately.,Peter na-arụ ọrụ nwayọọ.
weather,Ada likes the rain.,Ada hụrụ mmiri ozuzo n'anya.
transportation,Kindly The very car arrived early. carefully.,ụgbọala rutere n'oge.
technology,David repaired the database.,David rụziri ụlọ nchekwa data.
transportation,Chinedu boarded a road.,Chinedu banyere ụzọ.
technology,Please Chioma uses a software.,Chioma na-eji sọftụwia.
health,Please The doctor really treated fever. today.,Dọkịta gwọrọ ahụ ọkụ.
government,Quickly Ada always met the election. immediately.,Ada zutere ntuli aka.
business,Emeka bought rice.,Emeka zụtara osikapa.
food,Obinna cooked fish.,Obinna siri azụ.
transportation,Obinna travelled to Onitsha.,Obinna gara Ọnịcha.
food,Today Ada sometimes cooked garri. today.,Ada siri garri.
transportation,Please The car sometimes arrived early. immediately.,ụgbọala rutere n'oge.
business,Now Mary often bought yam. again.,Mary zụtara ji.
health,Quickly Obinna really has flu. carefully.,Obinna nwere oyi.
general,David will sell tomorrow.,David ga ree echi.
health,Tomorrow Peter visited the hospital today. immediately.,Peter gara ụlọ ọgwụ taa.
general,Mary works well.,Mary na-arụ ọrụ nke ọma.
general,Tomorrow The often book is big. again.,akwụkwọ ahụ dị ukwu.
transportation,Now The always bicycle arrived early. now.,igwe kwụ otu ebe rutere n'oge.
food,Today Chinedu always cooked cassava. now.,Chinedu siri akpụ.
agriculture,Tomorrow maize sometimes grows well. immediately.,ọka na-eto nke ọma.
general,Emeka has a table.,Emeka nwere tebụl.
transportation,Please Emeka really boarded a airport. immediately.,Emeka banyere ọdụ ụgbọ elu.
education,Please Peter very studies in the assignment. carefully.,Peter na-amụ na ọrụ ụlọ.
general,Kindly Chioma is a very police officer. immediately.,Chioma bụ onye uwe ojii.
business,Obinna sold the chair.,Obinna rere oche.
food,Chioma cooked soup.,Chioma siri ofe.
education,Emeka studies in the classroom.,Emeka na-amụ na ụlọ klas.
agriculture,Kindly Ada often harvested cassava.,Ada kpọrọ akpụ.
agriculture,The really farmer planted rice. today.,Onye ọrụ ugbo kụrụ osikapa.
agriculture,Quickly The farmer very planted yam. again.,Onye ọrụ ugbo kụrụ ji.
general,Kindly Chinedu has often a table. today.,Chinedu nwere tebụl.
transportation,Grace boarded a road.,Grace banyere ụzọ.
agriculture,Tomorrow The very farmer planted vegetable. now.,Onye ọrụ ugbo kụrụ akwukwo nri.
business,Kindly Ada always sold the computer. today.,Ada rere kọmputa.
transportation,Quickly Emeka really boarded a airport. immediately.,Emeka banyere ọdụ ụgbọ elu.
agriculture,David harvested rice.,David kpọrọ osikapa.
general,Ada lives in Kano.,Ada bi na Kano.
government,Now John met very the election. again.,John zutere ntuli aka.
food,Kindly yam very tastes good. immediately.,ji na-atọ ụtọ.
transportation,Kindly Peter always boarded a motorcycle. now.,Peter banyere ọkada.
health,Now David visited the hospital today. now.,David gara ụlọ ọgwụ taa.
general,Ada will learn tomorrow.,Ada ga mụ echi.
technology,David uses a software.,David na-eji sọftụwia.
general,Ada really lives in Nigeria. again.,Ada bi na Naịjirịa.
weather,Tomorrow The always weather is changing. again.,ihu igwe na-agbanwe.
education,Every electrician needs education.,onye ọkụ eletrik niile chọrọ agụmakwụkwọ.
weather,Today Chioma often likes the storm. carefully.,Chioma hụrụ oke ifufe n'anya.
business,Tomorrow The trader visited Owerri. today.,Onye ahịa gara Owerri.
transportation,Kindly Emeka travelled very to Owerri. now.,Emeka gara Owerri.
technology,Tomorrow Ada often repaired the keyboard. today.,Ada rụziri kiibọdụ.
technology,Today Emeka uses very a computer. carefully.,Emeka na-eji kọmputa.
agriculture,Chioma harvested vegetable.,Chioma kpọrọ akwukwo nri.
education,Today Every mechanic very needs education.,onye nrụzi ụgbọala niile chọrọ agụmakwụkwọ.
food,cassava tastes good.,akpụ na-atọ ụtọ.
weather,Quickly Peter likes the wind. now.,Peter hụrụ ifufe n'anya.
education,Every engineer needs education. immediately.,injinia niile chọrọ agụmakwụkwọ.
technology,Quickly Grace often uses a computer. carefully.,Grace na-eji kọmputa.
technology,Chioma uses a database.,Chioma na-eji ụlọ nchekwa data.
food,Emeka ate cassava.,Emeka riri akpụ.
general,Peter works carefully.,Peter na-arụ ọrụ nlezianya.
business,Please Ada really sold the computer.,Ada rere kọmputa.
technology,The keyboard is new.,kiibọdụ ahụ dị ọhụrụ.
government,Today The government announced a meeting. now.,gọọmenti kwupụtara nzukọ.
weather,Now The sometimes storm is changing.,oke ifufe na-agbanwe.
technology,Please Peter always repaired the website. today.,Peter rụziri weebụsaịtị.
transportation,Now The always bus arrived early. again.,bọs rutere n'oge.
technology,Emeka repaired the internet.,Emeka rụziri ịntanet.
food,Peter cooked yam.,Peter siri ji.
transportation,Now Peter travelled often to Owerri. today.,Peter gara Owerri.
health,Now Peter very has typhoid. immediately.,Peter nwere taịfọd.
health,John has malaria.,John nwere iba.
business,Today The trader often visited Enugu. now.,Onye ahịa gara Enugu.
weather,Kindly Obinna always likes the cloud. now.,Obinna hụrụ igwe ojii n'anya.
business,Now The always trader visited Onitsha. again.,Onye ahịa gara Ọnịcha.
transportation,Chinedu always travelled to Nigeria.,Chinedu gara Naịjirịa.
technology,Now Ada repaired always the website. carefully.,Ada rụziri weebụsaịtị.
transportation,Today Ada really boarded a car. immediately.,Ada banyere ụgbọala.
health,Now Chinedu visited often the hospital today. carefully.,Chinedu gara ụlọ ọgwụ taa.
weather,Today There really is cloud today. today.,igwe ojii dị taa.
education,Chioma studies in the examination.,Chioma na-amụ na ule.
agriculture,rice grows well.,osikapa na-eto nke ọma.
transportation,Today Ada often travelled to Abuja. today.,Ada gara Abuja.
health,Please David often has fever. carefully.,David nwere ahụ ọkụ.
business,Grace sold the bag.,Grace rere akpa.
general,The book is small.,akwụkwọ ahụ dị obere.
general,Now The sometimes table is small.,tebụl ahụ dị obere.
transportation,Quickly The sometimes airport arrived early. again.,ọdụ ụgbọ elu rutere n'oge.
business,Today John bought egg. again.,John zụtara akwa.
general,Chioma is a police officer.,Chioma bụ onye uwe ojii.
transportation,Tomorrow The road arrived early. immediately.,ụzọ rutere n'oge.
transportation,Quickly Grace boarded really a bus. today.,Grace banyere bọs.
business,John sold the chair.,John rere oche.
food,Quickly fish sometimes tastes good. immediately.,azụ na-atọ ụtọ.
government,The governor announced a meeting.,gọvanọ kwupụtara nzukọ.
weather,Today Peter likes really the sun. carefully.,Peter hụrụ anwụ n'anya.
education,Tomorrow Every police officer always needs education. today.,onye uwe ojii niile chọrọ agụmakwụkwọ.
general,Obinna is a nurse.,Obinna bụ nọọsụ.
technology,David uses a mouse.,David na-eji maụs.
agriculture,Now maize really grows well. again.,ọka na-eto nke ọma.
business,Tomorrow The trader visited Lagos. immediately.,Onye ahịa gara Lagos.
agriculture,maize very grows well. again.,ọka na-eto nke ọma.
technology,Mary sometimes repaired the database. carefully.,Mary rụziri ụlọ nchekwa data.
general,Ada lives in Lagos.,Ada bi na Lagos.
food,Please David sometimes cooked fish. carefully.,David siri azụ.
health,Quickly David has diabetes. again.,David nwere shuga.
health,The doctor treated cholera. today.,Dọkịta gwọrọ kọlera.
health,Now David visited the really hospital today. now.,David gara ụlọ ọgwụ taa.
education,John studies in the classroom.,John na-amụ na ụlọ klas.
general,Today Emeka always is a mechanic.,Emeka bụ onye nrụzi ụgbọala.
food,Ada very ate beans. immediately.,Ada riri agwa.
food,Ada ate meat.,Ada riri anụ.
general,Now Mary sometimes works slowly. immediately.,Mary na-arụ ọrụ nwayọọ.
weather,Today David likes very the sun.,David hụrụ anwụ n'anya.
government,Kindly The election really announced a meeting. again.,ntuli aka kwupụtara nzukọ.
food,Ada cooked garri.,Ada siri garri.
food,Chinedu ate bread.,Chinedu riri achịcha.
government,Please The government always announced a meeting. immediately.,gọọmenti kwupụtara nzukọ.
weather,Mary likes the sun.,Mary hụrụ anwụ n'anya.
agriculture,Obinna harvested tomato.,Obinna kpọrọ tomato.
education,Today Every often doctor needs education. carefully.,dọkịta niile chọrọ agụmakwụkwọ.
business,Now Emeka very bought soup. immediately.,Emeka zụtara ofe.
health,Quickly Emeka has fever. carefully.,Emeka nwere ahụ ọkụ.
general,Peter will write tomorrow.,Peter ga dee echi.
education,Now John studies really in the classroom. today.,John na-amụ na ụlọ klas.
business,Please The trader visited Enugu.,Onye ahịa gara Enugu.
education,Kindly Ada studies in the assignment. carefully.,Ada na-amụ na ọrụ ụlọ.
agriculture,The farmer planted cassava.,Onye ọrụ ugbo kụrụ akpụ.
business,Tomorrow Chioma sold the phone. immediately.,Chioma rere ekwentị.
general,Ada lives in Owerri.,Ada bi na Owerri.
technology,Now Ada uses really a keyboard. today.,Ada na-eji kiibọdụ.
agriculture,Please pepper often grows well.,ose na-eto nke ọma.
weather,Tomorrow There always is wind today. carefully.,ifufe dị taa.
education,Tomorrow Every farmer really needs education. again.,onye ọrụ ugbo niile chọrọ agụmakwụkwọ.
general,Quickly Ada always works quickly. now.,Ada na-arụ ọrụ ngwa ngwa.
business,Chioma sold the bag.,Chioma rere akpa.
general,Now Peter lives in Kano.,Peter bi na Kano.
weather,The storm is changing.,oke ifufe na-agbanwe.
general,Chinedu is a chef.,Chinedu bụ onye isi nri.
general,Kindly Obinna is always a engineer.,Obinna bụ injinia.
health,Emeka has flu.,Emeka nwere oyi.
agriculture,Chinedu harvested cocoyam.,Chinedu kpọrọ ede.
technology,Grace repaired the software.,Grace rụziri sọftụwia.
government,Please Chinedu often met the election. immediately.,Chinedu zutere ntuli aka.
food,Quickly Emeka very ate cassava. immediately.,Emeka riri akpụ.
transportation,Please Peter boarded very a bicycle. again.,Peter banyere igwe kwụ otu ebe.
business,Please The trader visited Lagos. immediately.,Onye ahịa gara Lagos.
government,Tomorrow The election sometimes was peaceful. immediately.,Ntuli aka gara nke ọma.
food,Quickly soup really tastes good. now.,ofe na-atọ ụtọ.
weather,Now There sometimes is storm today. carefully.,oke ifufe dị taa.
weather,David likes the wind.,David hụrụ ifufe n'anya.
education,Kindly Chioma studies sometimes in the library. carefully.,Chioma na-amụ na ọba akwụkwọ.
business,Today The often trader visited Enugu. now.,Onye ahịa gara Enugu.
technology,Please John repaired the software. carefully.,John rụziri sọftụwia.
food,Kindly Ada ate fish. today.,Ada riri azụ.
government,The election very was peaceful. immediately.,Ntuli aka gara nke ọma.
general,Obinna is a trader.,Obinna bụ onye ahịa.
business,The often trader visited Owerri.,Onye ahịa gara Owerri.
education,Tomorrow Ada studies in often the teacher. today.,Ada na-amụ na onye nkuzi.
health,Today The often doctor treated malaria. today.,Dọkịta gwọrọ iba.
education,Kindly Every tailor always needs education. carefully.,onye akwa niile chọrọ agụmakwụkwọ.
general,Now David really works carefully. now.,David na-arụ ọrụ nlezianya.
weather,Tomorrow There is sometimes sun today. carefully.,anwụ dị taa.
transportation,Please The always bus arrived early. today.,bọs rutere n'oge.
food,Obinna cooked cassava.,Obinna siri akpụ.
agriculture,yam grows well.,ji na-eto nke ọma.
general,Emeka lives in Lagos.,Emeka bi na Lagos.
weather,Today The cloud very is changing. carefully.,igwe ojii na-agbanwe.
government,Kindly The very senator announced a meeting. now.,senetọ kwupụtara nzukọ.
food,Tomorrow soup very tastes good.,ofe na-atọ ụtọ.
food,Peter cooked fish.,Peter siri azụ.
agriculture,Please The sometimes farmer planted rice. immediately.,Onye ọrụ ugbo kụrụ osikapa.
government,Chioma met the governor.,Chioma zutere gọvanọ.
technology,Quickly The mouse sometimes is new. today.,maụs ahụ dị ọhụrụ.
food,Kindly bread tastes good. now.,achịcha na-atọ ụtọ.
transportation,Kindly Chioma boarded sometimes a bicycle. immediately.,Chioma banyere igwe kwụ otu ebe.
business,The trader visited Owerri.,Onye ahịa gara Owerri.
transportation,David boarded a airport.,David banyere ọdụ ụgbọ elu.
technology,Now John sometimes uses a computer. today.,John na-eji kọmputa.
general,The chair is beautiful.,oche ahụ dị mara mma.
weather,John likes the sun.,John hụrụ anwụ n'anya.
transportation,John travelled to Lagos.,John gara Lagos.
health,Obinna has fever.,Obinna nwere ahụ ọkụ.
health,Tomorrow David visited the always hospital today. carefully.,David gara ụlọ ọgwụ taa.
technology,Grace repaired the internet.,Grace rụziri ịntanet.
technology,Please John repaired always the database. now.,John rụziri ụlọ nchekwa data.
food,Tomorrow beans really tastes good. immediately.,agwa na-atọ ụtọ.
weather,Quickly There is very storm today. now.,oke ifufe dị taa.
technology,Mary uses a internet.,Mary na-eji ịntanet.
food,rice tastes good.,osikapa na-atọ ụtọ.
government,The senator announced a meeting.,senetọ kwupụtara nzukọ.
technology,Today John repaired always the database. again.,John rụziri ụlọ nchekwa data.
education,Now Grace sometimes studies in the teacher. now.,Grace na-amụ na onye nkuzi.
government,Quickly Peter met always the senator. today.,Peter zutere senetọ.
general,Peter lives in Nigeria.,Peter bi na Naịjirịa.
agriculture,Tomorrow Peter often harvested tomato. immediately.,Peter kpọrọ tomato.
business,Mary sold the book.,Mary rere akwụkwọ.
government,Quickly The election very was peaceful. immediately.,Ntuli aka gara nke ọma.
food,Chinedu cooked cassava.,Chinedu siri akpụ.
transportation,Tomorrow Chinedu travelled very to Owerri. carefully.,Chinedu gara Owerri.
government,Chinedu met the senator.,Chinedu zutere senetọ.
food,Ada cooked meat.,Ada siri anụ.
government,The minister announced a meeting.,mịnista kwupụtara nzukọ.
weather,Chinedu likes the sun.,Chinedu hụrụ anwụ n'anya.
weather,Please There often is cloud today. immediately.,igwe ojii dị taa.
food,Kindly Mary ate fish. immediately.,Mary riri azụ.
general,Emeka has a car.,Emeka nwere ụgbọala.
agriculture,Tomorrow pepper often grows well. now.,ose na-eto nke ọma.
education,Today Every mechanic often needs education. today.,onye nrụzi ụgbọala niile chọrọ agụmakwụkwọ.
transportation,Quickly Grace boarded sometimes a road. again.,Grace banyere ụzọ.
general,Tomorrow Chinedu really lives in Abuja.,Chinedu bi na Abuja.
business,Kindly Ada often bought cassava. today.,Ada zụtara akpụ.
technology,Kindly Peter often uses a hardware. immediately.,Peter na-eji họdụwia.
technology,Chioma repaired the computer.,Chioma rụziri kọmputa.
government,Quickly The election announced a meeting. carefully.,ntuli aka kwupụtara nzukọ.
transportation,Kindly Ada really travelled to Kano.,Ada gara Kano.
business,Quickly The trader sometimes visited Owerri. carefully.,Onye ahịa gara Owerri.
government,Tomorrow The election announced a meeting. today.,ntuli aka kwupụtara nzukọ.
general,Obinna very works carefully. today.,Obinna na-arụ ọrụ nlezianya.
education,Kindly Chioma studies in always the library. today.,Chioma na-amụ na ọba akwụkwọ.
general,John is a trader.,John bụ onye ahịa.
technology,Kindly The always software is new. carefully.,sọftụwia ahụ dị ọhụrụ.
transportation,Please Emeka boarded often a bicycle. carefully.,Emeka banyere igwe kwụ otu ebe.
government,Peter met the government.,Peter zutere gọọmenti.
general,Kindly Emeka is often a electrician. again.,Emeka bụ onye ọkụ eletrik.
food,egg tastes good.,akwa na-atọ ụtọ.
food,Peter ate garri.,Peter riri garri.
technology,Today Mary uses really a internet. now.,Mary na-eji ịntanet.
general,Now Peter very lives in Owerri. immediately.,Peter bi na Owerri.
education,Quickly Every mechanic sometimes needs education. now.,onye nrụzi ụgbọala niile chọrọ agụmakwụkwọ.
education,Quickly Every soldier always needs education. immediately.,onye agha niile chọrọ agụmakwụkwọ.
weather,Quickly The storm is changing. now.,oke ifufe na-agbanwe.
agriculture,Quickly Peter very harvested cassava. now.,Peter kpọrọ akpụ.
education,Now Every police officer very needs education. carefully.,onye uwe ojii niile chọrọ agụmakwụkwọ.
transportation,Mary boarded a bus. carefully.,Mary banyere bọs.
education,Now The library always is open. again.,ọba akwụkwọ meghere.
agriculture,Quickly Ada really harvested rice. immediately.,Ada kpọrọ osikapa.
business,Now Mary very bought beans. immediately.,Mary zụtara agwa.
education,Tomorrow Every teacher sometimes needs education. again.,onye nkuzi niile chọrọ agụmakwụkwọ.
government,Quickly The very senator announced a meeting. again.,senetọ kwupụtara nzukọ.
government,Kindly The election very was peaceful. again.,Ntuli aka gara nke ọma.
health,Now Emeka very visited the hospital today. again.,Emeka gara ụlọ ọgwụ taa.
technology,Today Grace often repaired the software.,Grace rụziri sọftụwia.
business,Please Grace often sold the bag. again.,Grace rere akpa.
government,David met often the minister. today.,David zutere mịnista.
food,Today meat really tastes good. today.,anụ na-atọ ụtọ.
agriculture,vegetable grows well.,akwukwo nri na-eto nke ọma.
business,John sold the table.,John rere tebụl.
education,Today Every mechanic very needs education. again.,onye nrụzi ụgbọala niile chọrọ agụmakwụkwọ.
transportation,Chinedu travelled to Owerri.,Chinedu gara Owerri.
education,Please The student always is open. now.,nwa akwụkwọ meghere.
general,Chinedu has a chair.,Chinedu nwere oche.
education,Emeka always studies in the school.,Emeka na-amụ na ụlọ akwụkwọ.
technology,Tomorrow Ada very uses a internet. now.,Ada na-eji ịntanet.
general,Kindly Obinna sometimes is a driver. now.,Obinna bụ onye ọkwọ ụgbọala.
government,Quickly Obinna met sometimes the government. again.,Obinna zutere gọọmenti.
food,Now Obinna sometimes ate beans. carefully.,Obinna riri agwa.
health,Please The doctor often treated malaria. carefully.,Dọkịta gwọrọ iba.
business,The trader visited Lagos. carefully.,Onye ahịa gara Lagos.
food,Now Mary very ate fish. carefully.,Mary riri azụ.
general,Kindly Emeka often will sell tomorrow. again.,Emeka ga ree echi.
education,Emeka studies in the student. again.,Emeka na-amụ na nwa akwụkwọ.
general,Quickly Chinedu sometimes has a chair.,Chinedu nwere oche.
general,Peter is a mechanic.,Peter bụ onye nrụzi ụgbọala.
transportation,Tomorrow David travelled often to Owerri. now.,David gara Owerri.
weather,Please The sun sometimes is changing. carefully.,anwụ na-agbanwe.
weather,Quickly There really is weather today.,ihu igwe dị taa.
business,Please David sold the computer. immediately.,David rere kọmputa.
general,The phone is new.,ekwentị ahụ dị ọhụrụ.
transportation,Emeka boarded very a airport. immediately.,Emeka banyere ọdụ ụgbọ elu.
technology,The hardware is new.,họdụwia ahụ dị ọhụrụ.
transportation,Kindly The really car arrived early. carefully.,ụgbọala rutere n'oge.
technology,John uses a computer.,John na-eji kọmputa.
health,Today John visited the hospital today. today.,John gara ụlọ ọgwụ taa.
transportation,Grace travelled to Abuja.,Grace gara Abuja.
transportation,John boarded a airport.,John banyere ọdụ ụgbọ elu.
transportation,Chinedu travelled to Kano.,Chinedu gara Kano.
government,Today The very senator announced a meeting. immediately.,senetọ kwupụtara nzukọ.
general,Ada works slowly.,Ada na-arụ ọrụ nwayọọ.
education,Now Chioma studies in really the examination. immediately.,Chioma na-amụ na ule.
agriculture,Today The often farmer planted cassava. now.,Onye ọrụ ugbo kụrụ akpụ.
health,Tomorrow The doctor treated fever. today.,Dọkịta gwọrọ ahụ ọkụ.
health,Chioma has malaria.,Chioma nwere iba.
weather,Quickly The really cloud is changing. carefully.,igwe ojii na-agbanwe.
education,Ada studies in the classroom.,Ada na-amụ na ụlọ klas.
technology,Grace uses a website.,Grace na-eji weebụsaịtị.
agriculture,pepper often grows well. immediately.,ose na-eto nke ọma.
food,Kindly Ada really ate meat.,Ada riri anụ.
general,Mary has really a computer. today.,Mary nwere kọmputa.
agriculture,Chioma harvested rice.,Chioma kpọrọ osikapa.
transportation,Tomorrow The often road arrived early. immediately.,ụzọ rutere n'oge.
government,Kindly The government very announced a meeting. today.,gọọmenti kwupụtara nzukọ.
health,Mary visited the hospital today.,Mary gara ụlọ ọgwụ taa.
education,Ada studies in the teacher.,Ada na-amụ na onye nkuzi.
weather,There is sometimes storm today. today.,oke ifufe dị taa.
food,Please Chioma ate rice.,Chioma riri osikapa.
weather,Obinna likes the rain.,Obinna hụrụ mmiri ozuzo n'anya.
business,Emeka sold the book.,Emeka rere akwụkwọ.
agriculture,The sometimes farmer planted maize. again.,Onye ọrụ ugbo kụrụ ọka.
general,Obinna will sell tomorrow.,Obinna ga ree echi.
agriculture,Kindly Mary really harvested rice. now.,Mary kpọrọ osikapa.
business,Grace bought yam.,Grace zụtara ji.
agriculture,Quickly rice often grows well. immediately.,osikapa na-eto nke ọma.
food,Emeka ate beans.,Emeka riri agwa.
general,David is a doctor.,David bụ dọkịta.
business,Peter sold the book.,Peter rere akwụkwọ.
health,The doctor really treated typhoid. carefully.,Dọkịta gwọrọ taịfọd.
general,Kindly Ada lives sometimes in Lagos. again.,Ada bi na Lagos.
technology,Please The keyboard sometimes is new. now.,kiibọdụ ahụ dị ọhụrụ.
agriculture,Mary harvested tomato.,Mary kpọrọ tomato.
government,Kindly The election sometimes announced a meeting. immediately.,ntuli aka kwupụtara nzukọ.
agriculture,Emeka harvested cocoyam.,Emeka kpọrọ ede.
general,Chinedu will always eat tomorrow. again.,Chinedu ga rie echi.
business,Grace really sold the car. again.,Grace rere ụgbọala.
weather,Emeka likes the sun.,Emeka hụrụ anwụ n'anya.
food,Please Grace really ate fish. again.,Grace riri azụ.
government,Chioma always met the election. now.,Chioma zutere ntuli aka.
government,Now The election often was peaceful. today.,Ntuli aka gara nke ọma.
agriculture,Ada sometimes harvested yam. now.,Ada kpọrọ ji.
weather,Mary likes the cloud.,Mary hụrụ igwe ojii n'anya.
technology,The mouse is new.,maụs ahụ dị ọhụrụ.
education,David studies in the library. again.,David na-amụ na ọba akwụkwọ.
general,Tomorrow Mary always will write tomorrow. carefully.,Mary ga dee echi.
technology,Peter repaired the website.,Peter rụziri weebụsaịtị.
government,Quickly The sometimes election was peaceful. today.,Ntuli aka gara nke ọma.
transportation,Today John travelled really to Abuja. now.,John gara Abuja.
general,Kindly Chioma sometimes lives in Abuja. today.,Chioma bi na Abuja.
general,Kindly Emeka lives always in Lagos. today.,Emeka bi na Lagos.
weather,There is storm today.,oke ifufe dị taa.
weather,Now Peter likes the sun. today.,Peter hụrụ anwụ n'anya.
agriculture,Tomorrow vegetable grows well. again.,akwukwo nri na-eto nke ọma.
transportation,Now Obinna travelled always to Abuja. carefully.,Obinna gara Abuja.
education,The library really is open. immediately.,ọba akwụkwọ meghere.
health,The doctor treated diabetes.,Dọkịta gwọrọ shuga.
business,Grace sold the chair.,Grace rere oche.
weather,There is always rain today.,mmiri ozuzo dị taa.
business,Emeka sold the phone.,Emeka rere ekwentị.
business,Please Ada often bought meat. carefully.,Ada zụtara anụ.
government,Chinedu met the governor.,Chinedu zutere gọvanọ.
health,Now The sometimes doctor treated cholera. carefully.,Dọkịta gwọrọ kọlera.
agriculture,John really harvested maize. immediately.,John kpọrọ ọka.
food,Now garri sometimes tastes good.,garri na-atọ ụtọ.
transportation,Chioma travelled to Lagos.,Chioma gara Lagos.
education,Please Chinedu studies very in the library.,Chinedu na-amụ na ọba akwụkwọ.
health,Mary has fever.,Mary nwere ahụ ọkụ.
technology,Grace uses a hardware.,Grace na-eji họdụwia.
business,Quickly The trader often visited Enugu. carefully.,Onye ahịa gara Enugu.
health,Please Obinna visited sometimes the hospital today. today.,Obinna gara ụlọ ọgwụ taa.
general,Now Peter has really a car. now.,Peter nwere ụgbọala.
technology,David uses a computer.,David na-eji kọmputa.
food,David cooked cassava.,David siri akpụ.
transportation,Now The sometimes bus arrived early. carefully.,bọs rutere n'oge.
food,Kindly David really ate yam. now.,David riri ji.
food,Obinna ate beans.,Obinna riri agwa.
government,Kindly Mary always met the minister.,Mary zutere mịnista.
business,Today Chinedu sold sometimes the table. today.,Chinedu rere tebụl.
transportation,Now Mary travelled often to Owerri.,Mary gara Owerri.
food,Now rice sometimes tastes good. immediately.,osikapa na-atọ ụtọ.
health,Quickly Obinna really has cholera. today.,Obinna nwere kọlera.
technology,Today Obinna often repaired the database. now.,Obinna rụziri ụlọ nchekwa data.
food,Tomorrow Chinedu sometimes ate yam. immediately.,Chinedu riri ji.
transportation,Quickly John travelled very to Abuja. today.,John gara Abuja.
business,Ada sold the bag.,Ada rere akpa.
general,The bag is fast.,akpa ahụ dị ngwa ngwa.
food,Quickly Peter sometimes ate soup. immediately.,Peter riri ofe.
business,Now Chinedu sometimes bought beans. now.,Chinedu zụtara agwa.
business,Today Chioma bought rice. now.,Chioma zụtara osikapa.
transportation,Tomorrow Chinedu boarded very a road. again.,Chinedu banyere ụzọ.
transportation,Chioma sometimes travelled to Lagos. now.,Chioma gara Lagos.
health,Please Ada visited the always hospital today. again.,Ada gara ụlọ ọgwụ taa.
education,Today Every always mechanic needs education. today.,onye nrụzi ụgbọala niile chọrọ agụmakwụkwọ.
weather,Kindly There is sometimes sun today. now.,anwụ dị taa.
general,Please The table really is small. now.,tebụl ahụ dị obere.
business,The trader visited Onitsha.,Onye ahịa gara Ọnịcha.
food,Obinna very cooked egg. carefully.,Obinna siri akwa.
weather,Today The very rain is changing. immediately.,mmiri ozuzo na-agbanwe.
business,Quickly Ada sometimes bought meat. again.,Ada zụtara anụ.
weather,Ada likes the storm.,Ada hụrụ oke ifufe n'anya.
education,The very assignment is open. carefully.,ọrụ ụlọ meghere.
business,Chinedu bought meat.,Chinedu zụtara anụ.
technology,Obinna uses a database.,Obinna na-eji ụlọ nchekwa data.
food,Chinedu ate yam.,Chinedu riri ji.
education,The school is open.,ụlọ akwụkwọ meghere.
general,Peter will read tomorrow.,Peter ga gụọ echi.
technology,Please Chinedu really uses a software. now.,Chinedu na-eji sọftụwia.
food,Ada cooked bread.,Ada siri achịcha.
weather,Now The weather is changing. carefully.,ihu igwe na-agbanwe.
general,The really table is new. carefully.,tebụl ahụ dị ọhụrụ.
government,The election always was peaceful. carefully.,Ntuli aka gara nke ọma.
weather,Tomorrow There often is rain today. today.,mmiri ozuzo dị taa.
technology,David repaired the software.,David rụziri sọftụwia.
weather,Today Grace very likes the weather. now.,Grace hụrụ ihu igwe n'anya.
transportation,The airport sometimes arrived early. carefully.,ọdụ ụgbọ elu rutere n'oge.
weather,Today There is often storm today. carefully.,oke ifufe dị taa.
technology,Grace uses a mouse.,Grace na-eji maụs.
weather,Now Emeka likes very the weather. now.,Emeka hụrụ ihu igwe n'anya.
health,Tomorrow Peter visited the very hospital today. today.,Peter gara ụlọ ọgwụ taa.
education,Kindly Every teacher needs education. now.,onye nkuzi niile chọrọ agụmakwụkwọ.
agriculture,David harvested yam.,David kpọrọ ji.
technology,Now The software always is new.,sọftụwia ahụ dị ọhụrụ.
education,Quickly Grace studies in really the school. now.,Grace na-amụ na ụlọ akwụkwọ.
government,The government always announced a meeting.,gọọmenti kwupụtara nzukọ.
transportation,Tomorrow Emeka boarded really a road. again.,Emeka banyere ụzọ.
transportation,Tomorrow The always bicycle arrived early. carefully.,igwe kwụ otu ebe rutere n'oge.
business,Quickly John often sold the chair. again.,John rere oche.
education,Quickly The really assignment is open. carefully.,ọrụ ụlọ meghere.
education,Emeka studies in the school.,Emeka na-amụ na ụlọ akwụkwọ.
agriculture,Quickly The farmer planted vegetable. today.,Onye ọrụ ugbo kụrụ akwukwo nri.
general,Today The computer is new.,kọmputa ahụ dị ọhụrụ.
health,Please The always doctor treated fever. today.,Dọkịta gwọrọ ahụ ọkụ.
health,Today Grace visited the hospital today.,Grace gara ụlọ ọgwụ taa.
weather,Please The wind is changing. immediately.,ifufe na-agbanwe.
technology,Kindly Chioma very uses a hardware. today.,Chioma na-eji họdụwia.
weather,Today The sometimes storm is changing. carefully.,oke ifufe na-agbanwe.
agriculture,Please The farmer always planted yam. immediately.,Onye ọrụ ugbo kụrụ ji.
government,Mary met the minister.,Mary zutere mịnista.
technology,Tomorrow The always mouse is new. today.,maụs ahụ dị ọhụrụ.
food,Emeka ate egg.,Emeka riri akwa.
food,Chioma cooked bread.,Chioma siri achịcha.
business,Tomorrow Obinna often bought soup.,Obinna zụtara ofe.
food,Obinna ate egg.,Obinna riri akwa.
technology,Quickly The always keyboard is new.,kiibọdụ ahụ dị ọhụrụ.
general,Quickly David very works slowly. now.,David na-arụ ọrụ nwayọọ.
general,Kindly Emeka will sometimes sell tomorrow. carefully.,Emeka ga ree echi.
health,Please Ada very visited the hospital today. immediately.,Ada gara ụlọ ọgwụ taa.
agriculture,pepper grows well.,ose na-eto nke ọma.
transportation,Kindly The bicycle very arrived early. again.,igwe kwụ otu ebe rutere n'oge.
agriculture,Today maize often grows well. immediately.,ọka na-eto nke ọma.
health,Tomorrow Obinna sometimes has flu.,Obinna nwere oyi.
food,Please yam sometimes tastes good. immediately.,ji na-atọ ụtọ.
general,Kindly John often lives in Onitsha. immediately.,John bi na Ọnịcha.
business,Please The often trader visited Owerri. again.,Onye ahịa gara Owerri.
general,John lives in Nigeria.,John bi na Naịjirịa.
health,Please The doctor treated malaria. now.,Dọkịta gwọrọ iba.
general,Tomorrow The often bag is old. carefully.,akpa ahụ dị ochie.
health,Quickly The doctor treated fever.,Dọkịta gwọrọ ahụ ọkụ.
business,Tomorrow The trader always visited Onitsha. now.,Onye ahịa gara Ọnịcha.
food,Now Emeka very cooked soup. again.,Emeka siri ofe.
general,Mary lives very in Onitsha. carefully.,Mary bi na Ọnịcha.
government,John met the senator.,John zutere senetọ.
agriculture,Please The farmer often planted yam. immediately.,Onye ọrụ ugbo kụrụ ji.
general,The chair is fast.,oche ahụ dị ngwa ngwa.
weather,Kindly There often is rain today. today.,mmiri ozuzo dị taa.
business,Chioma sold the car.,Chioma rere ụgbọala.
business,Peter bought bread.,Peter zụtara achịcha.
health,Now John very has cholera. again.,John nwere kọlera.
general,Emeka really works slowly. carefully.,Emeka na-arụ ọrụ nwayọọ.
technology,Quickly The mouse often is new. now.,maụs ahụ dị ọhụrụ.
technology,Quickly The mouse really is new.,maụs ahụ dị ọhụrụ.
technology,Please Grace uses sometimes a database. immediately.,Grace na-eji ụlọ nchekwa data.
technology,Quickly Emeka very uses a website. now.,Emeka na-eji weebụsaịtị.
business,Today The trader often visited Lagos. again.,Onye ahịa gara Lagos.
weather,Now The storm is changing. carefully.,oke ifufe na-agbanwe.
government,Quickly Emeka sometimes met the senator. now.,Emeka zutere senetọ.
technology,Obinna uses a keyboard.,Obinna na-eji kiibọdụ.
education,Quickly Every student often needs education. again.,nwata akwụkwọ niile chọrọ agụmakwụkwọ.
general,Now Chinedu sometimes lives in Onitsha.,Chinedu bi na Ọnịcha.
business,Quickly Chioma really sold the car. carefully.,Chioma rere ụgbọala.
business,Ada bought soup.,Ada zụtara ofe.
health,Now Emeka visited very the hospital today. carefully.,Emeka gara ụlọ ọgwụ taa.
education,Today John studies in sometimes the school. immediately.,John na-amụ na ụlọ akwụkwọ.
government,Chinedu met the minister.,Chinedu zutere mịnista.
agriculture,Mary harvested rice.,Mary kpọrọ osikapa.
health,Please John always has fever.,John nwere ahụ ọkụ.
technology,Chinedu repaired the hardware.,Chinedu rụziri họdụwia.
business,The always trader visited Enugu. immediately.,Onye ahịa gara Enugu.
agriculture,Today Chioma always harvested maize. now.,Chioma kpọrọ ọka.
business,Today Grace very bought rice.,Grace zụtara osikapa.
weather,There is sun today.,anwụ dị taa.
education,Every engineer needs education.,injinia niile chọrọ agụmakwụkwọ.
food,Quickly Mary always cooked garri. immediately.,Mary siri garri.
business,Now The really trader visited Lagos. today.,Onye ahịa gara Lagos.
food,beans really tastes good. now.,agwa na-atọ ụtọ.
government,Tomorrow The always election announced a meeting. today.,ntuli aka kwupụtara nzukọ.
agriculture,Kindly The farmer planted tomato. again.,Onye ọrụ ugbo kụrụ tomato.
weather,There always is rain today. carefully.,mmiri ozuzo dị taa.
general,The table is small.,tebụl ahụ dị obere.
transportation,Today Mary always boarded a motorcycle. again.,Mary banyere ọkada.
food,Grace ate cassava.,Grace riri akpụ.
food,rice tastes good. today.,osikapa na-atọ ụtọ.
health,Grace has typhoid.,Grace nwere taịfọd.
government,Emeka met always the government. again.,Emeka zutere gọọmenti.
general,Today Ada works carefully. today.,Ada na-arụ ọrụ nlezianya.
agriculture,Quickly David really harvested rice.,David kpọrọ osikapa.
government,Tomorrow The very governor announced a meeting. again.,gọvanọ kwupụtara nzukọ.
technology,Please Grace very uses a database. again.,Grace na-eji ụlọ nchekwa data.
education,Tomorrow Every teacher needs education. carefully.,onye nkuzi niile chọrọ agụmakwụkwọ.
transportation,Emeka travelled to Nigeria.,Emeka gara Naịjirịa.
general,Quickly The phone very is fast. again.,ekwentị ahụ dị ngwa ngwa.
transportation,Mary boarded a bus.,Mary banyere bọs.
food,Kindly Chinedu often cooked soup. immediately.,Chinedu siri ofe.
technology,Please Peter often repaired the website. carefully.,Peter rụziri weebụsaịtị.
transportation,Chinedu boarded a car.,Chinedu banyere ụgbọala.
technology,Please Emeka always uses a keyboard. today.,Emeka na-eji kiibọdụ.
transportation,Kindly Chioma travelled to Lagos. again.,Chioma gara Lagos.
business,Kindly The sometimes trader visited Onitsha. immediately.,Onye ahịa gara Ọnịcha.
weather,Ada likes the wind.,Ada hụrụ ifufe n'anya.
transportation,Now The bus arrived early. today.,bọs rutere n'oge.
business,Grace bought soup.,Grace zụtara ofe.
general,Kindly David often has a phone. again.,David nwere ekwentị.
health,Today John visited the always hospital today.,John gara ụlọ ọgwụ taa.
general,Emeka is a programmer.,Emeka bụ onye mmemme kọmputa.
technology,Now The always website is new.,weebụsaịtị ahụ dị ọhụrụ.
business,Mary sold the computer.,Mary rere kọmputa.
technology,Tomorrow Peter uses sometimes a mouse. carefully.,Peter na-eji maụs.
education,Quickly The assignment is open. again.,ọrụ ụlọ meghere.
health,Kindly The very doctor treated flu. immediately.,Dọkịta gwọrọ oyi.
education,Tomorrow Obinna studies in the student. carefully.,Obinna na-amụ na nwa akwụkwọ.
food,Today garri really tastes good. again.,garri na-atọ ụtọ.
health,Chioma has cholera.,Chioma nwere kọlera.
education,Today Mary studies in really the library. today.,Mary na-amụ na ọba akwụkwọ.
agriculture,Please cassava very grows well. today.,akpụ na-eto nke ọma.
health,Kindly The doctor always treated typhoid. now.,Dọkịta gwọrọ taịfọd.
education,Kindly The always examination is open. today.,ule meghere.
food,Chinedu ate soup.,Chinedu riri ofe.
government,The senator announced a meeting. again.,senetọ kwupụtara nzukọ.
agriculture,Kindly John sometimes harvested cocoyam.,John kpọrọ ede.
agriculture,David harvested maize.,David kpọrọ ọka.
government,Now Chioma very met the government. now.,Chioma zutere gọọmenti.
technology,Peter uses a mouse.,Peter na-eji maụs.
business,Now Emeka really bought fish. carefully.,Emeka zụtara azụ.
health,Tomorrow David really has diabetes. now.,David nwere shuga.
technology,Mary repaired the hardware.,Mary rụziri họdụwia.
food,Kindly Grace really cooked egg. today.,Grace siri akwa.
transportation,Today The really bus arrived early. again.,bọs rutere n'oge.
technology,Chioma uses a software.,Chioma na-eji sọftụwia.
education,Kindly The sometimes teacher is open.,onye nkuzi meghere.
transportation,The airport sometimes arrived early. now.,ọdụ ụgbọ elu rutere n'oge.
health,Please Ada visited very the hospital today. carefully.,Ada gara ụlọ ọgwụ taa.
food,Mary cooked bread.,Mary siri achịcha.
health,Quickly Emeka really has typhoid. again.,Emeka nwere taịfọd.
food,Kindly bread really tastes good. immediately.,achịcha na-atọ ụtọ.
weather,The often wind is changing. again.,ifufe na-agbanwe.
general,Peter is a engineer.,Peter bụ injinia.
government,Now The government sometimes announced a meeting. carefully.,gọọmenti kwupụtara nzukọ.
government,Now Obinna met often the president. carefully.,Obinna zutere onye isi ala.
general,Today Ada is very a doctor. immediately.,Ada bụ dọkịta.
weather,Kindly Emeka likes sometimes the cloud. carefully.,Emeka hụrụ igwe ojii n'anya.
weather,Kindly Mary likes very the weather. now.,Mary hụrụ ihu igwe n'anya.
general,Chioma sometimes lives in Abuja. again.,Chioma bi na Abuja.
general,Ada is a teacher.,Ada bụ onye nkuzi.
general,Today Emeka has a table. now.,Emeka nwere tebụl.
food,Today Emeka sometimes ate beans. today.,Emeka riri agwa.
government,Please Peter met very the government. again.,Peter zutere gọọmenti.
transportation,David boarded a bus.,David banyere bọs.
government,Emeka met the government.,Emeka zutere gọọmenti.
general,Ada lives in Abuja.,Ada bi na Abuja.
food,Quickly Obinna really ate fish. now.,Obinna riri azụ.
agriculture,Today Ada always harvested cassava. today.,Ada kpọrọ akpụ.
general,Now Grace has often a table. again.,Grace nwere tebụl.
health,Quickly The doctor always treated malaria. now.,Dọkịta gwọrọ iba.
technology,Ada repaired the mouse.,Ada rụziri maụs.
business,Tomorrow Emeka often sold the bag. carefully.,Emeka rere akpa.
food,soup very tastes good. immediately.,ofe na-atọ ụtọ.
education,Quickly The assignment always is open. today.,ọrụ ụlọ meghere.
government,Today The minister announced a meeting. again.,mịnista kwupụtara nzukọ.
health,Quickly Emeka always has fever. now.,Emeka nwere ahụ ọkụ.
food,Emeka cooked garri.,Emeka siri garri.
technology,Today The mouse sometimes is new. today.,maụs ahụ dị ọhụrụ.
transportation,Today The sometimes motorcycle arrived early.,ọkada rutere n'oge.
technology,Quickly Mary repaired often the website. immediately.,Mary rụziri weebụsaịtị.
health,Today The often doctor treated malaria. carefully.,Dọkịta gwọrọ iba.
business,Ada bought egg.,Ada zụtara akwa.
technology,Tomorrow Chinedu uses a database. today.,Chinedu na-eji ụlọ nchekwa data.
health,Today John visited often the hospital today. again.,John gara ụlọ ọgwụ taa.
weather,Today The weather really is changing. carefully.,ihu igwe na-agbanwe.
business,Quickly Emeka sold very the phone. today.,Emeka rere ekwentị.
agriculture,Now Emeka always harvested tomato. carefully.,Emeka kpọrọ tomato.
technology,Please The mouse often is new. carefully.,maụs ahụ dị ọhụrụ.
transportation,Tomorrow John often boarded a motorcycle.,John banyere ọkada.
food,Quickly Grace sometimes cooked cassava. again.,Grace siri akpụ.
education,Please The always library is open. now.,ọba akwụkwọ meghere.
business,Quickly Emeka really bought soup. immediately.,Emeka zụtara ofe.
technology,Kindly The always software is new. now.,sọftụwia ahụ dị ọhụrụ.
transportation,Chioma travelled to Onitsha.,Chioma gara Ọnịcha.
education,Please Peter studies in the student. again.,Peter na-amụ na nwa akwụkwọ.
health,Tomorrow Grace visited sometimes the hospital today. again.,Grace gara ụlọ ọgwụ taa.
government,Ada met the government.,Ada zutere gọọmenti.
education,Peter studies in the library.,Peter na-amụ na ọba akwụkwọ.
business,Emeka bought beans. today.,Emeka zụtara agwa.
business,Today John very sold the table. carefully.,John rere tebụl.
agriculture,Today The farmer really planted vegetable.,Onye ọrụ ugbo kụrụ akwukwo nri.
education,Now Every really tailor needs education. today.,onye akwa niile chọrọ agụmakwụkwọ.
transportation,Today The sometimes airport arrived early. immediately.,ọdụ ụgbọ elu rutere n'oge.
health,Please The doctor often treated cholera. again.,Dọkịta gwọrọ kọlera.
general,Chinedu lives in Nigeria.,Chinedu bi na Naịjirịa.
agriculture,The farmer planted maize.,Onye ọrụ ugbo kụrụ ọka.
technology,Please Mary repaired really the database. carefully.,Mary rụziri ụlọ nchekwa data.
technology,Kindly Grace repaired always the internet. again.,Grace rụziri ịntanet.
weather,The rain always is changing. carefully.,mmiri ozuzo na-agbanwe.
general,Obinna is a programmer.,Obinna bụ onye mmemme kọmputa.
food,Now Obinna often ate soup. today.,Obinna riri ofe.
technology,Ada uses a mouse.,Ada na-eji maụs.
transportation,Now Chioma sometimes boarded a airport. now.,Chioma banyere ọdụ ụgbọ elu.
health,Emeka has malaria.,Emeka nwere iba.
technology,Today Chinedu uses always a computer. now.,Chinedu na-eji kọmputa.
education,Today The examination always is open. carefully.,ule meghere.
general,Kindly David really works carefully. again.,David na-arụ ọrụ nlezianya.
technology,Quickly Obinna often repaired the database. now.,Obinna rụziri ụlọ nchekwa data.
general,Ada lives in Nigeria.,Ada bi na Naịjirịa.
weather,Today John likes often the cloud.,John hụrụ igwe ojii n'anya.
transportation,Please Grace always travelled to Kano. today.,Grace gara Kano.
agriculture,Kindly rice sometimes grows well. now.,osikapa na-eto nke ọma.
education,The teacher is open. immediately.,onye nkuzi meghere.
general,Now Mary really works well.,Mary na-arụ ọrụ nke ọma.
weather,Tomorrow Ada likes often the rain. now.,Ada hụrụ mmiri ozuzo n'anya.
food,David sometimes ate fish. again.,David riri azụ.
general,Today John very is a trader. carefully.,John bụ onye ahịa.
transportation,Obinna boarded a car.,Obinna banyere ụgbọala.
general,Please The really phone is old. immediately.,ekwentị ahụ dị ochie.
education,Emeka studies in the assignment.,Emeka na-amụ na ọrụ ụlọ.
government,Please The often election was peaceful. carefully.,Ntuli aka gara nke ọma.
education,Tomorrow Every soldier really needs education. now.,onye agha niile chọrọ agụmakwụkwọ.
food,Please rice always tastes good. again.,osikapa na-atọ ụtọ.
government,The always election was peaceful. immediately.,Ntuli aka gara nke ọma.
weather,Now John likes always the sun. again.,John hụrụ anwụ n'anya.
food,Tomorrow David very cooked garri. carefully.,David siri garri.
government,Please Mary met the governor. now.,Mary zutere gọvanọ.
weather,Quickly There is rain today. now.,mmiri ozuzo dị taa.
weather,Quickly Mary likes really the weather. again.,Mary hụrụ ihu igwe n'anya.
technology,Kindly Obinna uses sometimes a keyboard. today.,Obinna na-eji kiibọdụ.
food,Please Chioma really ate meat. now.,Chioma riri anụ.
government,The election very was peaceful.,Ntuli aka gara nke ọma.
government,David met the election.,David zutere ntuli aka.
government,Quickly The government announced very a meeting. carefully.,gọọmenti kwupụtara nzukọ.
health,Today John very has cholera. now.,John nwere kọlera.
government,Please The election always was peaceful. again.,Ntuli aka gara nke ọma.
government,Please The very election announced a meeting. carefully.,ntuli aka kwupụtara nzukọ.
agriculture,Quickly Grace always harvested cassava.,Grace kpọrọ akpụ.
health,David has flu.,David nwere oyi.
agriculture,The farmer planted cocoyam.,Onye ọrụ ugbo kụrụ ede.
general,Grace will sell tomorrow.,Grace ga ree echi.
weather,Obinna likes the cloud.,Obinna hụrụ igwe ojii n'anya.
weather,Kindly There is storm today. again.,oke ifufe dị taa.
business,Now Grace always sold the table. again.,Grace rere tebụl.
general,John is a tailor.,John bụ onye akwa.
technology,Today The keyboard is new. now.,kiibọdụ ahụ dị ọhụrụ.
general,Please Emeka often has a chair. carefully.,Emeka nwere oche.
food,Tomorrow bread very tastes good. immediately.,achịcha na-atọ ụtọ.
government,Grace met the governor.,Grace zutere gọvanọ.
technology,Mary repaired the keyboard.,Mary rụziri kiibọdụ.
health,Kindly The doctor really treated flu. today.,Dọkịta gwọrọ oyi.
business,Chinedu sold the bag.,Chinedu rere akpa.
weather,Quickly There really is wind today. today.,ifufe dị taa.
technology,Now Mary often repaired the internet. now.,Mary rụziri ịntanet.
education,Today Emeka often studies in the library. carefully.,Emeka na-amụ na ọba akwụkwọ.
general,Obinna lives in Kano.,Obinna bi na Kano.
technology,Quickly The website is new. immediately.,weebụsaịtị ahụ dị ọhụrụ.
technology,Kindly Grace always uses a mouse. carefully.,Grace na-eji maụs.
transportation,David travelled really to Nigeria. now.,David gara Naịjirịa.
technology,Grace uses a computer.,Grace na-eji kọmputa.
government,Quickly The very election was peaceful. now.,Ntuli aka gara nke ọma.
business,Tomorrow The trader always visited Lagos. immediately.,Onye ahịa gara Lagos.
technology,John repaired the computer.,John rụziri kọmputa.
food,Peter ate rice.,Peter riri osikapa.
weather,Mary likes the rain.,Mary hụrụ mmiri ozuzo n'anya.
weather,Now Chinedu very likes the storm. today.,Chinedu hụrụ oke ifufe n'anya.
government,Ada met really the election. carefully.,Ada zutere ntuli aka.
business,Quickly Chinedu always bought cassava.,Chinedu zụtara akpụ.
business,The trader visited Enugu. today.,Onye ahịa gara Enugu.
general,Today Grace has often a chair. again.,Grace nwere oche.
food,Kindly Grace often cooked egg. carefully.,Grace siri akwa.
weather,David likes the sun.,David hụrụ anwụ n'anya.
technology,Now Ada often repaired the internet. immediately.,Ada rụziri ịntanet.
weather,Today Ada often likes the sun. today.,Ada hụrụ anwụ n'anya.
health,Today Chioma visited often the hospital today. carefully.,Chioma gara ụlọ ọgwụ taa.
general,The phone is old.,ekwentị ahụ dị ochie.
business,Tomorrow Mary sold really the computer. today.,Mary rere kọmputa.
